[{"id": 18713, "created": "2014-09-08T21:13:55.595814", "project_id": 60, "task_id": 11807, "user_id": 679, "user_ip": null, "finish_time": "2014-09-08T21:13:55.595836", "timeout": null, "calibration": null, "external_uid": null, "media_url": null, "info": {"lat": "", "lon": "", "edge": "", "site": "England    Kent, Isle of Thanet, Minster (Ebbs Fleet 1893), Founder's hoard.", "other": "\"R.F.Jessup..\" appears to the right of Publications, in a different hand.\r\n To the left of Publications is:\r\nV.C.H. Kent 1. 322. 335.", "width": "56", "length": "150", "patina": "", "weight": "26", "gridRef": "", "remarks": "13 socketed cells, 3 spear heads, fragment of sickle, fragment of implement, flanged ring, 3 pieces of  har\"....\".", "surface": "corroded      dark green", "toSearch": "", "thickness": "35.5", "collection": "British museum\r\n93 . 4 .26 . 134\r\nPresented by A.W.Ranks Esq\r\n26/4/1893", "objectType": "SLIDE - FASTENER", "composition": "", "description": "Tube with narrow loop.  Oval opening on other side.\r\nhoard consisting of 1 palstave, 2 winged cells,\r\ntriangular knife, socketed knife, socketed hammer and 2 jets.", "rightCorner": "3", "associations": "9 - 151", "publications": "Proc.S.A.  2 -3   S\r\nvol XIV  p.309\r\n      XV      138 \r\nR.F.Jessup  'Kent'  110 . 259 . Pl.  VI.", "dateDiscoveryDay": "26", "dateDiscoveryYear": "1893", "dateDiscoveryMonth": "4"}}, {"id": 18715, "created": "2014-09-08T21:17:22.674874", "project_id": 60, "task_id": 11808, "user_id": 679, "user_ip": null, "finish_time": "2014-09-08T21:17:22.674899", "timeout": null, "calibration": null, "external_uid": null, "media_url": null, "info": {"lat": "", "lon": "", "edge": "", "site": "SALOP, Clungunford, Broadward Hall", "other": "", "width": "", "length": "", "patina": "", "weight": "", "gridRef": "", "remarks": "See new index", "surface": "", "toSearch": "", "thickness": "", "collection": "LONDON  British museum 2226", "objectType": "SLIDE FASTENER", "composition": "", "description": "", "rightCorner": "3", "associations": "", "publications": "", "dateDiscoveryDay": "None", "dateDiscoveryYear": "None", "dateDiscoveryMonth": "None"}}, {"id": 18736, "created": "2014-09-08T22:37:20.320997", "project_id": 60, "task_id": 11809, "user_id": 679, "user_ip": null, "finish_time": "2014-09-08T22:37:20.321017", "timeout": null, "calibration": null, "external_uid": null, "media_url": null, "info": {"lat": "", "lon": "", "edge": "", "site": "SALOP         Clungunford, Broadward Hall", "other": "", "width": "", "length": "", "patina": "", "weight": "", "gridRef": "", "remarks": "See new index", "surface": "", "toSearch": "", "thickness": "", "collection": "London  British Museum\r\n1902 . 5. 15 . 11", "objectType": "SLIDE FASTENER", "composition": "", "description": "", "rightCorner": "3", "associations": "", "publications": "", "dateDiscoveryDay": "None", "dateDiscoveryYear": "None", "dateDiscoveryMonth": "None"}}, {"id": 18740, "created": "2014-09-08T22:46:17.581048", "project_id": 60, "task_id": 11810, "user_id": 679, "user_ip": null, "finish_time": "2014-09-08T22:46:17.581067", "timeout": null, "calibration": null, "external_uid": null, "media_url": null, "info": {"lat": "", "lon": "", "edge": "", "site": "Greater London,  River Thames, Hammersmith", "other": "", "width": "", "length": "", "patina": "", "weight": "", "gridRef": "TQ 22   78", "remarks": "", "surface": "", "toSearch": "", "thickness": "", "collection": "B.M.          WG  1780,  1781", "objectType": "2 rings", "composition": "", "description": "", "rightCorner": "G", "associations": "", "publications": "", "dateDiscoveryDay": "None", "dateDiscoveryYear": "None", "dateDiscoveryMonth": "None"}}, {"id": 18742, "created": "2014-09-08T22:57:13.201485", "project_id": 60, "task_id": 11807, "user_id": 433, "user_ip": null, "finish_time": "2014-09-08T22:57:13.201510", "timeout": null, "calibration": null, "external_uid": null, "media_url": null, "info": {"lat": "51.3144303", "lon": "1.3506575999999768", "edge": "", "site": "England[;]Kent[;]Isle of Thanet[;]Minster[;]Ebbs Fleet 1893[;]Founder's Hoard", "other": "", "width": "2", "length": "6", "patina": "Dark green", "weight": "26", "geojson": {"crs": {"type": "name", "properties": {"name": "urn:ogc:def:crs:OGC:1.3:CRS84"}}, "type": "Feature", "geometry": {"type": "Point", "coordinates": ["1.3506575999999768", "51.3144303"]}, "properties": {}}, "gridRef": "", "remarks": "Almost ok[;]see new index", "surface": "Corroded", "toSearch": "Ebbsfleet Cottage, Ebbsfleet Lane, Ramsgate, Kent CT12 5DJ, UK", "thickness": "1", "collection": "British Museum, 93.4-26.134[;]Presented by A. W. Ranks, Esq.[;]26/4/1893", "objectType": "Slide Fastener", "composition": "", "description": "Tube with narrow loop. Oval opening on other side.", "rightCorner": "3", "associations": "Hoard consisting of 1 palstave, 2 winged celts, 13 socketed celts, 3 spear-heads, fragment of sickle, triangular knife, socketed knife, socketed hammer, fragment of implement, flanged ring, 3 pieces of [karaen?]; and 2 jets.[;]9-151", "publications": "V.C.H., Kent, I, 322, 335.[;]Proc. S.A. 2d. S. Vol XIV, p. 309; XV, 138[;]R.F. Jessup, 'Kent' 110, 259, Pl VI", "dateDiscoveryDay": "None", "dateDiscoveryYear": "1893", "dateDiscoveryMonth": "None"}}, {"id": 18743, "created": "2014-09-08T22:59:15.420479", "project_id": 60, "task_id": 11808, "user_id": 433, "user_ip": null, "finish_time": "2014-09-08T22:59:15.420501", "timeout": null, "calibration": null, "external_uid": null, "media_url": null, "info": {"lat": "52.4036029", "lon": "-2.884545000000003", "edge": "", "site": "England[;]Shropshire[;]Slungunford[;]Broadward Hall", "other": "", "width": "", "length": "", "patina": "", "weight": "", "geojson": {"crs": {"type": "name", "properties": {"name": "urn:ogc:def:crs:OGC:1.3:CRS84"}}, "type": "Feature", "geometry": {"type": "Point", "coordinates": ["-2.884545000000003", "52.4036029"]}, "properties": {}}, "gridRef": "", "remarks": "See new index", "surface": "", "toSearch": "Clungunford, Craven Arms, Shropshire SY7, UK", "thickness": "", "collection": "London, British Museum 2226", "objectType": "Slide Fastener", "composition": "", "description": "", "rightCorner": "3", "associations": "", "publications": "", "dateDiscoveryDay": "None", "dateDiscoveryYear": "None", "dateDiscoveryMonth": "None"}}, {"id": 18744, "created": "2014-09-08T23:00:32.417670", "project_id": 60, "task_id": 11809, "user_id": 433, "user_ip": null, "finish_time": "2014-09-08T23:00:32.417691", "timeout": null, "calibration": null, "external_uid": null, "media_url": null, "info": {"lat": "52.4036029", "lon": "-2.884545000000003", "edge": "", "site": "England[;]Shropshire[;]Clungunford[;]Broadward Hall", "other": "", "width": "", "length": "", "patina": "", "weight": "", "geojson": {"crs": {"type": "name", "properties": {"name": "urn:ogc:def:crs:OGC:1.3:CRS84"}}, "type": "Feature", "geometry": {"type": "Point", "coordinates": ["-2.884545000000003", "52.4036029"]}, "properties": {}}, "gridRef": "", "remarks": "See new index[;]CI", "surface": "", "toSearch": "Clungunford, Craven Arms, Shropshire SY7, UK", "thickness": "", "collection": "London British Museum[;]1902.5-15.11", "objectType": "Slide Fastener", "composition": "", "description": "", "rightCorner": "3", "associations": "", "publications": "", "dateDiscoveryDay": "None", "dateDiscoveryYear": "None", "dateDiscoveryMonth": "None"}}, {"id": 18745, "created": "2014-09-08T23:02:10.208609", "project_id": 60, "task_id": 11810, "user_id": 433, "user_ip": null, "finish_time": "2014-09-08T23:02:10.208631", "timeout": null, "calibration": null, "external_uid": null, "media_url": null, "info": {"lat": "51.4911875", "lon": "-0.22373149999998532", "edge": "", "site": "England[;]Greater London[;]River Thames[;]Hammersmith", "other": "", "width": "", "length": "", "patina": "", "weight": "", "geojson": {"crs": {"type": "name", "properties": {"name": "urn:ogc:def:crs:OGC:1.3:CRS84"}}, "type": "Feature", "geometry": {"type": "Point", "coordinates": ["-0.22373149999998532", "51.4911875"]}, "properties": {}}, "gridRef": "TQ 22 78", "remarks": "CI", "surface": "", "toSearch": "Hammersmith, London W6, UK", "thickness": "", "collection": "British Museum, WG 1780, 1781", "objectType": "2 Rings", "composition": "", "description": "", "rightCorner": "G", "associations": "", "publications": "", "dateDiscoveryDay": "None", "dateDiscoveryYear": "None", "dateDiscoveryMonth": "None"}}, {"id": 18746, "created": "2014-09-08T23:04:39.200847", "project_id": 60, "task_id": 11811, "user_id": 433, "user_ip": null, "finish_time": "2014-09-08T23:04:39.200869", "timeout": null, "calibration": null, "external_uid": null, "media_url": null, "info": {"lat": "51.336651", "lon": "1.3144360000000006", "edge": "", "site": "England[;]Kent[;]Minster[;]Ebbsfleet[;]1893", "other": "", "width": "43", "length": "60", "patina": "", "weight": "", "geojson": {"crs": {"type": "name", "properties": {"name": "urn:ogc:def:crs:OGC:1.3:CRS84"}}, "type": "Feature", "geometry": {"type": "Point", "coordinates": ["1.3144360000000006", "51.336651"]}, "properties": {}}, "gridRef": "", "remarks": "ND75", "surface": "", "toSearch": "Minster, Ramsgate, Kent CT12, UK", "thickness": "", "collection": "London, British Museum, 93.4-26.132[;]Presented by A. W. Franks[;]26/4/93", "objectType": "Slide Fastener", "composition": "", "description": "", "rightCorner": "", "associations": "Founder's hoard, 93.4-26.9-151", "publications": "Proc. Soc. Ant. 2nd ser. XIV, 309; XV 138[;]VCH Kent, I, 322[;]R.F. Jessup, 'Kent' 110.", "dateDiscoveryDay": "None", "dateDiscoveryYear": "1893", "dateDiscoveryMonth": "None"}}, {"id": 18747, "created": "2014-09-08T23:07:39.933362", "project_id": 60, "task_id": 11812, "user_id": 433, "user_ip": null, "finish_time": "2014-09-08T23:07:39.933384", "timeout": null, "calibration": null, "external_uid": null, "media_url": null, "info": {"lat": "51.336651", "lon": "1.3144360000000006", "edge": "", "site": "England[;]Kent[;]Minster[;]Ebbsfleet[;]1893", "other": "", "width": "22", "length": "69", "patina": "", "weight": "", "geojson": {"crs": {"type": "name", "properties": {"name": "urn:ogc:def:crs:OGC:1.3:CRS84"}}, "type": "Feature", "geometry": {"type": "Point", "coordinates": ["1.3144360000000006", "51.336651"]}, "properties": {}}, "gridRef": "", "remarks": "ND75", "surface": "", "toSearch": "Minster, Ramsgate, Kent CT12, UK", "thickness": "", "collection": "London, British Museum, 93.4-26.133[;]Presented by A.W. Franks[;]26/4/93", "objectType": "Slide Fastener", "composition": "", "description": "", "rightCorner": "", "associations": "Founder's Hoard, 93.4-26.9-151", "publications": "Proc. Soc. Ant. 2nd Ser. XIV, 309; XV, 138[;]VCH, Kent, I 322[;]R.F. Jessup, 'Kent', 110", "dateDiscoveryDay": "None", "dateDiscoveryYear": "1893", "dateDiscoveryMonth": "None"}}, {"id": 18748, "created": "2014-09-08T23:10:10.703074", "project_id": 60, "task_id": 11813, "user_id": 433, "user_ip": null, "finish_time": "2014-09-08T23:10:10.703096", "timeout": null, "calibration": null, "external_uid": null, "media_url": null, "info": {"lat": "51.336651", "lon": "1.3144360000000006", "edge": "", "site": "England[;]Kent[;]Minster[;]Ebbsfleet[;]1893", "other": "", "width": "23", "length": "58", "patina": "", "weight": "", "geojson": {"crs": {"type": "name", "properties": {"name": "urn:ogc:def:crs:OGC:1.3:CRS84"}}, "type": "Feature", "geometry": {"type": "Point", "coordinates": ["1.3144360000000006", "51.336651"]}, "properties": {}}, "gridRef": "", "remarks": "ND75", "surface": "", "toSearch": "Minster, Ramsgate, Kent CT12, UK", "thickness": "", "collection": "London, British Museum, 93.4-26.134[;]presented by A.W. Franks, 26/4/93", "objectType": "Slide Fastener", "composition": "", "description": "", "rightCorner": "", "associations": "Founder's hoard, 93.4-26.9-151", "publications": "Proc. Soc. Ant. 2nd ser. XIV, 309; XV, 138[;]VCH Kent, I, 322[;]R.F. Jessup, 'Kent', 110", "dateDiscoveryDay": "None", "dateDiscoveryYear": "1893", "dateDiscoveryMonth": "None"}}, {"id": 18749, "created": "2014-09-08T23:15:13.631948", "project_id": 60, "task_id": 11814, "user_id": 433, "user_ip": null, "finish_time": "2014-09-08T23:15:13.631970", "timeout": null, "calibration": null, "external_uid": null, "media_url": null, "info": {"lat": "51.336651", "lon": "1.3144360000000006", "edge": "", "site": "England[;]Kent[;]Isle of Thanet[;]Minster[;](Ebbs Fleet 1893)[;]Founder's Hoard", "other": "", "width": "37", "length": "60", "patina": "Green", "weight": "36", "geojson": {"crs": {"type": "name", "properties": {"name": "urn:ogc:def:crs:OGC:1.3:CRS84"}}, "type": "Feature", "geometry": {"type": "Point", "coordinates": ["1.3144360000000006", "51.336651"]}, "properties": {}}, "gridRef": "", "remarks": "Somewhat inacc.[;]See new index.", "surface": "Very corroded.", "toSearch": "Minster, Ramsgate, Kent CT12, UK", "thickness": "11", "collection": "British Museum, 93.4-26.132[;]Presented by A. W. Franks Esq.[;]26/4/1893", "objectType": "Slide-Fastener", "composition": "", "description": "Tube with thick loop on one side and irregular oval opening on the other.", "rightCorner": "3", "associations": "Hoard consisting of 1 palstave, 2 winged celts, 13 socketed celts, 3 spear-heads, fragment of sickle, triangular knife, socketed knife, socketed hammer, fragment  of implement, flanged rung, 3 pieces of harness, and 2 jets.[;]9-151", "publications": "V.C.H. Kent, I, 322, 335[;]Proc. S. A. 2d. S. Vol XIV, p. 309; Vol XV, p. 138[;]R.F. Jessup, 'Kent', 110, 259, Pl. VI.", "dateDiscoveryDay": "None", "dateDiscoveryYear": "1893", "dateDiscoveryMonth": "None"}}, {"id": 18750, "created": "2014-09-08T23:19:50.264917", "project_id": 60, "task_id": 11815, "user_id": 433, "user_ip": null, "finish_time": "2014-09-08T23:19:50.264940", "timeout": null, "calibration": null, "external_uid": null, "media_url": null, "info": {"lat": "51.336651", "lon": "1.3144360000000006", "edge": "", "site": "England[;]Kent[;]Isle of Thanet[;]Minster[;](Ebbs Fleet 1893)[;]Founder's Hoard", "other": "", "width": "21", "length": "68", "patina": "Dark green.", "weight": "25", "geojson": {"crs": {"type": "name", "properties": {"name": "urn:ogc:def:crs:OGC:1.3:CRS84"}}, "type": "Feature", "geometry": {"type": "Point", "coordinates": ["1.3144360000000006", "51.336651"]}, "properties": {}}, "gridRef": "", "remarks": "Inacc.[;]See new index.", "surface": "Corroded.", "toSearch": "Minster, Ramsgate, Kent CT12, UK", "thickness": "13", "collection": "British Museum, 93.4-26.133[;]Presented by A.W. Franks Esq.[;]26/4/1893", "objectType": "Slide Fastener", "composition": "", "description": "Tube with narrow loop. Oval opening on other side.", "rightCorner": "3", "associations": "Hoard consisting of 1 palstave, 2 winged celts, 13 socketed celts 3 spear-heads, fragment of sickle, triangular knife, socketed knife, socketed hammer, fragment of implement,  flanged ring, 3 pieces of harness, and 2 jets.[;]9-151", "publications": "V.C.H. Kent, I, 322, 335[;]Proc. S.A. 2d. S. Vol. XIV, p. 309; Vol. XV, 138[;]R.F. Jessup, 'Kent' 110, 259, Pl. VI.", "dateDiscoveryDay": "None", "dateDiscoveryYear": "1893", "dateDiscoveryMonth": "None"}}, {"id": 18757, "created": "2014-09-09T01:53:51.371447", "project_id": 60, "task_id": 11811, "user_id": 543, "user_ip": null, "finish_time": "2014-09-09T01:53:51.371466", "timeout": null, "calibration": null, "external_uid": null, "media_url": null, "info": {"lat": "51.3144303", "lon": "1.3506575999999768", "edge": "", "site": "England[;]Kent[;]Minster[;]Ebbsfleet[;]1893", "other": "I included \u201cEngland\u201d in Site address to be consistent with other cards. Publications: VCH stands for \"Victoria (sic) County History\". Bottom left of card: \"ND 75\". Bottom right of card:  \"CI\" or \"C1\"?. Diagram -  British Museum ref. no. (93.4-26.132) is repeated but now includes \".\"s", "width": "43", "length": "60", "patina": "", "weight": "", "geojson": {"crs": {"type": "name", "properties": {"name": "urn:ogc:def:crs:OGC:1.3:CRS84"}}, "type": "Feature", "geometry": {"type": "Point", "coordinates": ["1.3506575999999768", "51.3144303"]}, "properties": {}}, "gridRef": "", "remarks": "", "surface": "", "toSearch": "Ebbsfleet Cottage, Ebbsfleet Lane, Ramsgate, Kent CT12 5DJ, UK", "thickness": "", "collection": "London, British Museum, 93 4-26 132[;]presented by A. W. Franks 26/4/93", "objectType": "SLIDE-FASTENER", "composition": "", "description": "", "rightCorner": "a red dot", "associations": "founder's hoard[;]93 4-26 9-151", "publications": "Proc. Soc. Ant. 2nd ser. XIV, 309; XV, 138[;]VCH Kent, I, 322[;]R.F. Jessup, 'Kent', 110", "dateDiscoveryDay": "None", "dateDiscoveryYear": "1893", "dateDiscoveryMonth": "None"}}, {"id": 18758, "created": "2014-09-09T02:06:14.456218", "project_id": 60, "task_id": 11812, "user_id": 543, "user_ip": null, "finish_time": "2014-09-09T02:06:14.456239", "timeout": null, "calibration": null, "external_uid": null, "media_url": null, "info": {"lat": "51.3144303", "lon": "1.3506575999999768", "edge": "", "site": "England[;]Kent[;]Minster[;]Ebbsfleet[;]1893", "other": "I included \u201cEngland\u201d in Site address to be consistent with other cards. Bottom left of card says \u201cND 75\u201d. Bottom right of card says \u201cCI\u201d or \u201cC1\u201d. Diagram: Brit Mus. Ref No. is repeated here, but with \".\"s rather than spaces separating numbers (i.e. \"93.4-26.133\")", "width": "22", "length": "69", "patina": "", "weight": "", "geojson": {"crs": {"type": "name", "properties": {"name": "urn:ogc:def:crs:OGC:1.3:CRS84"}}, "type": "Feature", "geometry": {"type": "Point", "coordinates": ["1.3506575999999768", "51.3144303"]}, "properties": {}}, "gridRef": "", "remarks": "", "surface": "", "toSearch": "Ebbsfleet Cottage, Ebbsfleet Lane, Ramsgate, Kent CT12 5DJ, UK", "thickness": "", "collection": "London, British Museum, 93 4-26 133[;]presented by A.W. Franks 26/4/93", "objectType": "SLIDE-FASTENER", "composition": "", "description": "", "rightCorner": "a red dot", "associations": "founder's hoard[;]93 4-26 9-151", "publications": "Proc. Soc. Ant. 2nd ser. XIV, 309; XV, 138[;]VCH Kent, I, 322[;]R. F. Jessup, 'Kent', 110", "dateDiscoveryDay": "None", "dateDiscoveryYear": "1893", "dateDiscoveryMonth": "None"}}, {"id": 18759, "created": "2014-09-09T02:12:25.080693", "project_id": 60, "task_id": 11813, "user_id": 543, "user_ip": null, "finish_time": "2014-09-09T02:12:25.080715", "timeout": null, "calibration": null, "external_uid": null, "media_url": null, "info": {"lat": "51.3144303", "lon": "1.3506575999999768", "edge": "", "site": "England[;]Kent[;]Minster[;]Ebbsfleet[;]1893", "other": "I included \u201cEngland\u201d in Site address to be consistent with other cards. Bottom left of card says \u201cND 75\u201d. Bottom right of card says \u201cCI\u201d or \u201cC1\u201d. Diagram: Brit Mus. Ref No. is repeated here, but with \".\"s rather than spaces separating numbers (i.e. \"93.4-26.134\")", "width": "23", "length": "58", "patina": "", "weight": "", "geojson": {"crs": {"type": "name", "properties": {"name": "urn:ogc:def:crs:OGC:1.3:CRS84"}}, "type": "Feature", "geometry": {"type": "Point", "coordinates": ["1.3506575999999768", "51.3144303"]}, "properties": {}}, "gridRef": "", "remarks": "", "surface": "", "toSearch": "Ebbsfleet Cottage, Ebbsfleet Lane, Ramsgate, Kent CT12 5DJ, UK", "thickness": "", "collection": "London, British Museum, 93 4-26 134[;]presented by A.W. Franks, 26/4/93", "objectType": "SLIDE-FASTENER", "composition": "", "description": "", "rightCorner": "a red dot", "associations": "founder's hoard[;]93 4-26 9-151", "publications": "Proc. Soc. Ant. 2nd ser. XIV, 309; XV, 138[;]VCH Kent, I, 322[;]R. F. Jessup, 'Kent', 110", "dateDiscoveryDay": "None", "dateDiscoveryYear": "1893", "dateDiscoveryMonth": "None"}}, {"id": 18760, "created": "2014-09-09T02:57:41.177297", "project_id": 60, "task_id": 11814, "user_id": 679, "user_ip": null, "finish_time": "2014-09-09T02:57:41.177325", "timeout": null, "calibration": null, "external_uid": null, "media_url": null, "info": {"lat": "", "lon": "", "edge": "", "site": "England       Kent, Isle of Thanet, Minster   (Ebb's Fleet 1893), Founder's hoard", "other": "", "width": "94", "length": "152", "patina": "", "weight": "36", "gridRef": "", "remarks": "Left of Associations :\" hoard consisting of 1 falstave, 2 winged celts, triangular knife, socketed knife, socketed hammer,and 2 jets\".\r\nRight of Associations :\" 13 socketed celts, 3 spear-heads, fragment of  sickle,fragment of implement, flanged ring, 3 pieces of harness,\"  ", "surface": "very corroded             green", "toSearch": "", "thickness": "28", "collection": "British Museum\r\n93 . 4 . 26 . 132\r\nPresented by A.W.Ranks Esq.\r\n26/4/1893", "objectType": "SLIDE - FASTENER", "composition": "", "description": "Tube with thick loop on one side & irregular oval opening on the other.", "rightCorner": "3", "associations": "9 - 151", "publications": "Proc. S.A.  2nd  S\r\nvol X1V  p. 309\r\n&    XV        138", "dateDiscoveryDay": "None", "dateDiscoveryYear": "None", "dateDiscoveryMonth": "None"}}, {"id": 18761, "created": "2014-09-09T03:14:25.875628", "project_id": 60, "task_id": 11814, "user_id": 543, "user_ip": null, "finish_time": "2014-09-09T03:14:25.875650", "timeout": null, "calibration": null, "external_uid": null, "media_url": null, "info": {"lat": "51.3144303", "lon": "1.3506575999999768", "edge": "", "site": "England[;]Kent[;]Isle of Thanet[;]Minster[;](Ebbsfleet 1893)[;]founder's hoard[;]see transcriber comment", "other": "On this card the Site field includes \"founder's hoard\". On other cards of this type that I've seen so far, that info has been recorded in the Associations field instead. Bottom left of card says \"Somewhat innacc.; See new index\"", "width": "37", "length": "60", "patina": "green", "weight": "36", "geojson": {"crs": {"type": "name", "properties": {"name": "urn:ogc:def:crs:OGC:1.3:CRS84"}}, "type": "Feature", "geometry": {"type": "Point", "coordinates": ["1.3506575999999768", "51.3144303"]}, "properties": {}}, "gridRef": "", "remarks": "", "surface": "very corroded", "toSearch": "Ebbsfleet Cottage, Ebbsfleet Lane, Ramsgate, Kent CT12 5DJ, UK", "thickness": "11", "collection": "British Museum, 93.4.26.132[;]presented by A.W. Franks Esq., 26/4/1893", "objectType": "SLIDE-FASTENER", "composition": "", "description": "Tube with thick loop on one side & irregular oval opening on the other.", "rightCorner": "a red dot[;]3", "associations": "9-151[;]Hoard consisting of 1 palstave, 2 winged celts, 13 socketed celts, 3 spear-heads, fragment of sickle, triangular knife, socketed knife, socketed hammer, fragment of implement, flanged ring, 3 pieces of harness, and 2 jets[;]", "publications": "Proc. Soc. Ant. 2nd ser. XIV, 309; XV, 138[;]VCH Kent, I, 322-335[;]R. F. Jessup, 'Kent', 110. 259. Pl. VI.", "dateDiscoveryDay": "None", "dateDiscoveryYear": "1893", "dateDiscoveryMonth": "None"}}, {"id": 18768, "created": "2014-09-09T04:05:18.555795", "project_id": 60, "task_id": 11815, "user_id": 543, "user_ip": null, "finish_time": "2014-09-09T04:05:18.555816", "timeout": null, "calibration": null, "external_uid": null, "media_url": null, "info": {"lat": "51.3144303", "lon": "1.3506575999999768", "edge": "", "site": "England[;]Kent[;]Isle of Thanet[;]Minster (Ebbsfleet 1893)[;]founder's hoard", "other": "Bottom left of card says \"inacc. See new index\"", "width": "21", "length": "68", "patina": "dark green", "weight": "25", "geojson": {"crs": {"type": "name", "properties": {"name": "urn:ogc:def:crs:OGC:1.3:CRS84"}}, "type": "Feature", "geometry": {"type": "Point", "coordinates": ["1.3506575999999768", "51.3144303"]}, "properties": {}}, "gridRef": "", "remarks": "", "surface": "corroded", "toSearch": "Ebbsfleet Cottage, Ebbsfleet Lane, Ramsgate, Kent CT12 5DJ, UK", "thickness": "13", "collection": "British Museum, 93.4.26.133[;]presented by A.W. Franks Esq., 26/4/1893", "objectType": "SLIDE-FASTENER", "composition": "", "description": "Tube with narrow loop. Oval opening on other side", "rightCorner": "a red dot[;]3", "associations": "Hoard consisting of 1 palstave, 2 winged celts, 13 socketed celts, 3 spear-heads, fragment of sickle, triangular knife, socketed knife, socketed hammer, fragment of implement, flanged ring, 3 pieces of harness, and 2 jets[;]", "publications": "Proc. Soc. Ant. 2nd ser. XIV, 309; XV, 138[;]VCH Kent, I, 322[;]R. F. Jessup, 'Kent', 110", "dateDiscoveryDay": "None", "dateDiscoveryYear": "1893", "dateDiscoveryMonth": "None"}}]