[{"id": 6907, "created": "2014-05-30T14:50:29.741496", "project_id": 22, "task_id": 7998, "user_id": 243, "user_ip": null, "finish_time": "2014-05-30T14:50:29.741516", "timeout": null, "calibration": null, "external_uid": null, "media_url": null, "info": {"edge": "19", "site": "england[;] (isle of wight)[;] arreton or arreton down or shaleombe down[;] found by mr. dennett in 1816", "other": "2 cross section drawings of chisel on reverse.[;] edge is somewhat chipped and damged.", "width": "", "length": "60", "patina": "", "weight": "15", "geojson": {"crs": {"type": "name", "properties": {"name": "urn:ogc:def:crs:OGC:1.3:CRS84"}}, "type": "Feature", "geometry": {"type": "Point", "coordinates": [-1.2443978958007804, 50.68210898073212]}, "properties": {}}, "gridRef": "", "remarks": "It seems uncertain whether this is \"the small bronze instrument\" said to have been found in a barrow on Shalecombe Down in 1816, or whether it was found about the same time on Arreton Down.  Mr. Crawford is inclined to the latter view.", "surface": "", "toSearch": "arreton", "thickness": "4.5", "collection": "Carisbrooke Museum.[;] Presented by Sir L. Holmes.", "objectType": "Tanged \"Chisel\"", "composition": "", "description": "", "rightCorner": "", "associations": "", "publications": "Hillies History of the Isle of Wight. Pt. i. p.6.[;]\r\nJourn. Brit. Arch. Ass. Winchester. (1846) p. 151.[;]\r\nDennett MS. No 2. fig. iii.", "optionsAccuracy": "10000", "dateDiscoveryDay": "None", "dateDiscoveryYear": "1816", "dateDiscoveryMonth": "None"}}, {"id": 6908, "created": "2014-05-30T14:56:21.215392", "project_id": 22, "task_id": 7999, "user_id": 243, "user_ip": null, "finish_time": "2014-05-30T14:56:21.215412", "timeout": null, "calibration": null, "external_uid": null, "media_url": null, "info": {"edge": "107", "site": "england[;] isle of wight[;] south arreton[;] arreton down[;] 1735/7[;] found by mr. coole", "other": "3 cross section drawings of celt on reverse.[;] 2 parallel lines on center", "width": "", "length": "202", "patina": "", "weight": "", "geojson": {"crs": {"type": "name", "properties": {"name": "urn:ogc:def:crs:OGC:1.3:CRS84"}}, "type": "Feature", "geometry": {"type": "Point", "coordinates": [-1.2484319381591795, 50.674249798054944]}, "properties": {}}, "gridRef": "", "remarks": "(2cor.us.g.v.) [Transcriber's comment - 2 cards?]", "surface": "green", "toSearch": "arreton", "thickness": "", "collection": "British Museum[;] Stoane Coll. 743.", "objectType": "Flanged Celt.", "composition": "", "description": "", "rightCorner": "[Red Dot]", "associations": "found with a dagger. 1 flanged celt & 3 spearheads.", "publications": "Archaeologica V 113. XXXVI 329[;] Evans Bronze. fig 8.", "optionsAccuracy": "10000", "dateDiscoveryDay": "None", "dateDiscoveryYear": "1735", "dateDiscoveryMonth": "7"}}, {"id": 6909, "created": "2014-05-30T15:06:22.340254", "project_id": 22, "task_id": 8000, "user_id": 243, "user_ip": null, "finish_time": "2014-05-30T15:06:22.340275", "timeout": null, "calibration": null, "external_uid": null, "media_url": null, "info": {"edge": "63", "site": "england[;] isle of wight[;] south arreton, arreton down", "other": "3 cross section drawings of palstave attached to reverse (over top of 2 cross section drawings) with text \"SL 794 F of. Wight.\"[;]\r\nEdge is crescent shaped, very flared at sides, one corner missing.", "width": "", "length": "112", "patina": "bright green.  bronze shows on reverse.", "weight": "196.11", "geojson": {"crs": {"type": "name", "properties": {"name": "urn:ogc:def:crs:OGC:1.3:CRS84"}}, "type": "Feature", "geometry": {"type": "Point", "coordinates": [-1.2350852661010747, 50.6796072383826]}, "properties": {}}, "gridRef": "SZ 54 86", "remarks": "On display[;] CI[;] (2 conves qv.)", "surface": "corroded", "toSearch": "arreton", "thickness": "", "collection": "British Museum S.L. 744", "objectType": "Flanged Celt", "composition": "", "description": "No Stop ridge.", "rightCorner": "[Red Dot]", "associations": "Part of hoard", "publications": "Archaeologica 113. XXXVI. 329.[;] Kemble & Franks Horde Ferales pl. vi. pgs 24 & 25", "optionsAccuracy": "10000", "dateDiscoveryDay": "None", "dateDiscoveryYear": "None", "dateDiscoveryMonth": "None"}}, {"id": 6910, "created": "2014-05-30T15:09:24.655637", "project_id": 22, "task_id": 8001, "user_id": 243, "user_ip": null, "finish_time": "2014-05-30T15:09:24.655658", "timeout": null, "calibration": null, "external_uid": null, "media_url": null, "info": {"edge": "66", "site": "england[;] isle of wight[;] arreton down[;] 1735/7.", "other": "3 cross section drawings of palstave on reverse.[;] Edge is crescent shaped, very flared. One corner missing.", "width": "", "length": "113", "patina": "", "weight": "", "geojson": {"crs": {"type": "name", "properties": {"name": "urn:ogc:def:crs:OGC:1.3:CRS84"}}, "type": "Feature", "geometry": {"type": "Point", "coordinates": [-1.2352569274780274, 50.679661625503975]}, "properties": {}}, "gridRef": "", "remarks": "", "surface": "", "toSearch": "arreton", "thickness": "", "collection": "British Museum[;] Sloane Coll 744", "objectType": "Flanged Celt", "composition": "", "description": "", "rightCorner": "[Red Dot]", "associations": "found with a dagger. 1 flanged celt & 3 spearheads", "publications": "Archaeologia V 113 XXXVI 329.", "optionsAccuracy": "10000", "dateDiscoveryDay": "None", "dateDiscoveryYear": "1735", "dateDiscoveryMonth": "7"}}, {"id": 6911, "created": "2014-05-30T15:14:29.078759", "project_id": 22, "task_id": 8002, "user_id": 243, "user_ip": null, "finish_time": "2014-05-30T15:14:29.078782", "timeout": null, "calibration": null, "external_uid": null, "media_url": null, "info": {"edge": "", "site": "isle of wight[;] south arreton, arreton down", "other": "Weight is very difficult to make out on card, may be 444.25 or something else entirely[;] 2 cross section drawings of dagger attached to reverse on top of drawing on card.  Text \"SL. 745 F. of Wight. e\"[;] Portion of blade near hilt plate missing, long v-shaped ornamentation on face of blade with rounded end close to hilt plate.", "width": "", "length": "230", "patina": "", "weight": "644.25", "geojson": {"crs": {"type": "name", "properties": {"name": "urn:ogc:def:crs:OGC:1.3:CRS84"}}, "type": "Feature", "geometry": {"type": "Point", "coordinates": [-1.2348277740356444, 50.67971601256235]}, "properties": {}}, "gridRef": "SZ 54 86", "remarks": "CI", "surface": "smooth", "toSearch": "arreton", "thickness": "", "collection": "British Museum Sloane Coll. 745.", "objectType": "Ogival Incised Dagger Rivetted", "composition": "", "description": "1 rivet hole & 1 broken.[;] hilt plate chipped & dented.", "rightCorner": "Ogival [Red Dot]", "associations": "found with 2 flanged celts & 3 spearheads", "publications": "Archaeologia V 113 XXXVI 329[;] Hor. Fer. VII 18", "optionsAccuracy": "10000", "dateDiscoveryDay": "None", "dateDiscoveryYear": "1735", "dateDiscoveryMonth": "7"}}, {"id": 6912, "created": "2014-05-30T15:18:30.814227", "project_id": 22, "task_id": 8003, "user_id": 243, "user_ip": null, "finish_time": "2014-05-30T15:18:30.814253", "timeout": null, "calibration": null, "external_uid": null, "media_url": null, "info": {"edge": "", "site": "england[;] isle of wight[;] south arreton, arreton down", "other": "2 cross section drawings of palstave taped to reverse.[;] butt notched.[;] Association, part of a hoard of 2 flanged axes, 1 dagger, and 2 other spearheads.", "width": "", "length": "262", "patina": "deep green. golden bronze shows.", "weight": "248.81", "geojson": {"crs": {"type": "name", "properties": {"name": "urn:ogc:def:crs:OGC:1.3:CRS84"}}, "type": "Feature", "geometry": {"type": "Point", "coordinates": [-1.2347419433471676, 50.679960753545004]}, "properties": {}}, "gridRef": "N1[;] SZ 54 86", "remarks": "CI", "surface": "rather rough.  corroded on tang.", "toSearch": "arreton", "thickness": "", "collection": "British Museum[;] S.L. 746", "objectType": "Spearhead. I", "composition": "", "description": "High mid rib. with 4 ribs on right & 3 on left.", "rightCorner": "[Red Dot] A", "associations": "Part of a hoard.", "publications": "Archaeologia 113. XXXVI. 329[;]\r\nKemble & Frankes Horae Ferales pl. VI. pgs 24 & 25.", "optionsAccuracy": "10000", "dateDiscoveryDay": "None", "dateDiscoveryYear": "None", "dateDiscoveryMonth": "None"}}, {"id": 6913, "created": "2014-05-30T15:21:46.756078", "project_id": 22, "task_id": 8004, "user_id": 243, "user_ip": null, "finish_time": "2014-05-30T15:21:46.756098", "timeout": null, "calibration": null, "external_uid": null, "media_url": null, "info": {"edge": "", "site": "isle of wight[;] south arreton[;] arreton down", "other": "4 cross section drawings of spearhead on reverse with text \"SL. 746 F. of Wight\".[;] 3 ribs running down face of blade on one side, 4 on the other.[;] Rivet hole is broken in half and missing at bottom of tang.", "width": "49", "length": "262", "patina": "", "weight": "", "geojson": {"crs": {"type": "name", "properties": {"name": "urn:ogc:def:crs:OGC:1.3:CRS84"}}, "type": "Feature", "geometry": {"type": "Point", "coordinates": [-1.2399347, 50.67569120000003]}, "properties": {}}, "gridRef": "SZ 54 86", "remarks": "", "surface": "green with golden bronze showing through; rather rough with corrosion on tang", "toSearch": "arreton", "thickness": "", "collection": "LONDON, British Museum, SL 746", "objectType": "SPEARHEAD", "composition": "", "description": "", "rightCorner": "[Red Dot]", "associations": "Hoard of 8 objects", "publications": "", "optionsAccuracy": "10000", "dateDiscoveryDay": "None", "dateDiscoveryYear": "None", "dateDiscoveryMonth": "None"}}, {"id": 6914, "created": "2014-05-30T15:25:00.781540", "project_id": 22, "task_id": 8005, "user_id": 243, "user_ip": null, "finish_time": "2014-05-30T15:25:00.781564", "timeout": null, "calibration": null, "external_uid": null, "media_url": null, "info": {"edge": "", "site": "england[;] isle of wight[;] south arreton[;] arreton down", "other": "4 cross section drawings of spearhead attached to reverse with text SL 747 F of. Wight\".[;] Strong triangular midrib running down face of blade, narrowing toward point.[;] Riven hole mostly broken", "width": "", "length": "206", "patina": "blue green", "weight": "158.42", "geojson": {"crs": {"type": "name", "properties": {"name": "urn:ogc:def:crs:OGC:1.3:CRS84"}}, "type": "Feature", "geometry": {"type": "Point", "coordinates": [-1.2347848586914056, 50.67990636677028]}, "properties": {}}, "gridRef": "N1[;] SZ 54 86", "remarks": "CI", "surface": "much corroded", "toSearch": "arreton", "thickness": "10", "collection": "British Museum S.L. 747", "objectType": "Spearhead. Cl I", "composition": "", "description": "Two small notches on tang - one side only.", "rightCorner": "[Red Dot] A", "associations": "Part of a hoard.", "publications": "Archaeologia 113. XXXVI. 329[;] Kemble & Frankes Horae Ferales pl. vi. pgs 24-25.", "optionsAccuracy": "10000", "dateDiscoveryDay": "None", "dateDiscoveryYear": "None", "dateDiscoveryMonth": "None"}}, {"id": 6916, "created": "2014-05-30T15:28:16.107589", "project_id": 22, "task_id": 8006, "user_id": 243, "user_ip": null, "finish_time": "2014-05-30T15:28:16.107611", "timeout": null, "calibration": null, "external_uid": null, "media_url": null, "info": {"edge": "", "site": "england[;] isle of wight[;] south arreton[;] arreton down", "other": "3 cross section drawings of spearhead attached to reverse on top of side profile drawing.  With text \" SL 748 F. of Wight e.\"[;]\r\nBlade edge chipped and worn, no rivet hole in tang, or broken off.", "width": "", "length": "200", "patina": "dark green", "weight": "140.4", "geojson": {"crs": {"type": "name", "properties": {"name": "urn:ogc:def:crs:OGC:1.3:CRS84"}}, "type": "Feature", "geometry": {"type": "Point", "coordinates": [-1.235342758166505, 50.67985197993251]}, "properties": {}}, "gridRef": "N1[;] SZ 54 86", "remarks": "CI", "surface": "corroded in places.", "toSearch": "arreton", "thickness": "", "collection": "British Museum S.L. 748.", "objectType": "Spearhead I", "composition": "", "description": "Two small notches in tang (on face only)", "rightCorner": "[Red Dot] A", "associations": "Part of a hoard.", "publications": "Archaeologia 113. XXXVI. 329.[;] Kemble & Frankes Horae Ferales pl VI. figs 24 & 25", "optionsAccuracy": "10000", "dateDiscoveryDay": "None", "dateDiscoveryYear": "None", "dateDiscoveryMonth": "None"}}, {"id": 6919, "created": "2014-05-30T15:33:44.644705", "project_id": 22, "task_id": 8007, "user_id": 243, "user_ip": null, "finish_time": "2014-05-30T15:33:44.644726", "timeout": null, "calibration": null, "external_uid": null, "media_url": null, "info": {"edge": "", "site": "england[;] isle of wight[;] south arreton", "other": "3 cross section drawings of spearhead on reverse[;] 2 notches on tang.", "width": "", "length": "215.5", "patina": "black stains on dark bronze", "weight": "270.08", "geojson": {"crs": {"type": "name", "properties": {"name": "urn:ogc:def:crs:OGC:1.3:CRS84"}}, "type": "Feature", "geometry": {"type": "Point", "coordinates": [-1.2349994354125984, 50.67974320606789]}, "properties": {}}, "gridRef": "N1[;] SZ 54 86", "remarks": "CI", "surface": "polished", "toSearch": "arreton", "thickness": "", "collection": "British Museum WG. 2074", "objectType": "Spearhead II", "composition": "", "description": "2 Rivet holes.[;] Socket ornamented with incised lines & the blade is grooved.[;] Paint is worn. edge finely notched.[;] 2 Borres on each side of socket.", "rightCorner": "[Red Dot] B", "associations": "", "publications": "Archaeologia XXXVI pl 25 fig 3.", "optionsAccuracy": "10000", "dateDiscoveryDay": "None", "dateDiscoveryYear": "None", "dateDiscoveryMonth": "None"}}, {"id": 6920, "created": "2014-05-30T15:41:10.301574", "project_id": 22, "task_id": 8008, "user_id": 243, "user_ip": null, "finish_time": "2014-05-30T15:41:10.301594", "timeout": null, "calibration": null, "external_uid": null, "media_url": null, "info": {"edge": "", "site": "england[;] isle of wight[;] south arreton[;] arreton down", "other": "2 cross section drawings of spearhead taped to reverse.[;] Narrow center rib[;] Rivet hole on tang appears intact.[;] Blade edge slightly chipped", "width": "", "length": "254", "patina": "dark green. lighter green on reverse. peacock spots on tang", "weight": "255.14", "geojson": {"crs": {"type": "name", "properties": {"name": "urn:ogc:def:crs:OGC:1.3:CRS84"}}, "type": "Feature", "geometry": {"type": "Point", "coordinates": [-1.2350852661010745, 50.679851979932536]}, "properties": {}}, "gridRef": "N1[;] SZ 54 86", "remarks": "CI", "surface": "rather corroded.", "toSearch": "arreton", "thickness": "", "collection": "British Museum WG. 2075", "objectType": "Spearhead. I", "composition": "", "description": "Top of tang chipped", "rightCorner": "[Red Dot] A", "associations": "Hoard.", "publications": "Archaeologia XXXVI p 328 No. 6.[;] Horae Ferales Pl VI Fig 18", "optionsAccuracy": "10000", "dateDiscoveryDay": "None", "dateDiscoveryYear": "None", "dateDiscoveryMonth": "None"}}, {"id": 6922, "created": "2014-05-30T15:45:27.140506", "project_id": 22, "task_id": 8009, "user_id": 243, "user_ip": null, "finish_time": "2014-05-30T15:45:27.140526", "timeout": null, "calibration": null, "external_uid": null, "media_url": null, "info": {"edge": "", "site": "england[;] isle of wight[;] arreton[;] combley farm", "other": "3 cross section drawings of palstave on reverse.[;] Surface very pitted and corroded, portions of blade slightly chipped.[;] Butt rounded and chipped.[;] Flanges appear slightly decayed.", "width": "", "length": "", "patina": "", "weight": "", "geojson": {"crs": {"type": "name", "properties": {"name": "urn:ogc:def:crs:OGC:1.3:CRS84"}}, "type": "Feature", "geometry": {"type": "Point", "coordinates": [-1.2391193084594716, 50.685643824070624]}, "properties": {}}, "gridRef": "SZ 54832 88393 (from GPS)", "remarks": "Circumstances: Found whilst metal-detecting, 16 inches below surface, resting on natural bedrock. Found 1997", "surface": "surface very corroded", "toSearch": "arreton", "thickness": "", "collection": "?", "objectType": "Palstave", "composition": "", "description": "Palstave, unlooped. Blade narrow. Flanges taper evenly back to butt. Septum floor U shaped.", "rightCorner": "", "associations": "Single Find", "publications": "", "optionsAccuracy": "10000", "dateDiscoveryDay": "None", "dateDiscoveryYear": "1997", "dateDiscoveryMonth": "None"}}, {"id": 6924, "created": "2014-05-30T15:49:01.785548", "project_id": 22, "task_id": 8010, "user_id": 243, "user_ip": null, "finish_time": "2014-05-30T15:49:01.785569", "timeout": null, "calibration": null, "external_uid": null, "media_url": null, "info": {"edge": "62", "site": "isle of wight[;] arreton", "other": "Unsure on right corner reference.[;] 2 cross section drawings of palstave on reverse.[;] Blade widens slightly on lateral ridges just below stop.", "width": "", "length": "168", "patina": "Black", "weight": "469", "geojson": {"crs": {"type": "name", "properties": {"name": "urn:ogc:def:crs:OGC:1.3:CRS84"}}, "type": "Feature", "geometry": {"type": "Point", "coordinates": [-1.2359006576416018, 50.67879142399812]}, "properties": {}}, "gridRef": "SZ 54 86", "remarks": "Found between the Farm & the Church, in draining[;] Given by, Miss Roach.", "surface": "smooth", "toSearch": "arreton", "thickness": "31", "collection": "British Museum 56 7-1 5019", "objectType": "PALSTAVE (Variant with shelving slot)", "composition": "Bronze", "description": "wide flanges. slight stop ridges with 3 slight ribs above", "rightCorner": "I1X", "associations": "", "publications": "", "optionsAccuracy": "10000", "dateDiscoveryDay": "None", "dateDiscoveryYear": "None", "dateDiscoveryMonth": "None"}}, {"id": 6926, "created": "2014-05-30T15:55:27.546662", "project_id": 22, "task_id": 8011, "user_id": 243, "user_ip": null, "finish_time": "2014-05-30T15:55:27.546682", "timeout": null, "calibration": null, "external_uid": null, "media_url": null, "info": {"edge": "", "site": "isle of wight[;] arreton[;] arreton down", "other": "", "width": "", "length": "", "patina": "", "weight": "", "geojson": {"crs": {"type": "name", "properties": {"name": "urn:ogc:def:crs:OGC:1.3:CRS84"}}, "type": "Feature", "geometry": {"type": "Point", "coordinates": [-1.2341411285278325, 50.679933560165516]}, "properties": {}}, "gridRef": "", "remarks": "CI[;] SI[;] M. 2 Feb 78", "surface": "dull gold mainly, merging to dark brown for lower part of tang; odd pits (small) dark brown & one or two with green corrosion products.[;] None of damage to edges is obviously modern, file-marks, and tang, rounding corners, may be modern", "toSearch": "arreton", "thickness": "", "collection": "MANCHESTER UNIV. MUS. O. 8664", "objectType": "TANGED SPEARHEAD", "composition": "", "description": "Either blade wing has a swollen centre line with bend outside; midrib asymmetrical on face, more-or-less symm. on reverse; triangular facet at tang/blade junction rounded - original or modern rubbing?[;] Hammer ripple mark on Faces of tang, and sides; tang twisted with respect to blade;", "rightCorner": "", "associations": "", "publications": "Needham 1985, A6 no. 9", "optionsAccuracy": "10000", "dateDiscoveryDay": "None", "dateDiscoveryYear": "None", "dateDiscoveryMonth": "None"}}, {"id": 6927, "created": "2014-05-30T15:56:53.266391", "project_id": 22, "task_id": 8012, "user_id": 243, "user_ip": null, "finish_time": "2014-05-30T15:56:53.266414", "timeout": null, "calibration": null, "external_uid": null, "media_url": null, "info": {"edge": "", "site": "isle of wight[;] arreton[;] combley farm", "other": "Very little info on card.", "width": "", "length": "", "patina": "", "weight": "", "geojson": {"crs": {"type": "name", "properties": {"name": "urn:ogc:def:crs:OGC:1.3:CRS84"}}, "type": "Feature", "geometry": {"type": "Point", "coordinates": [-1.243067520129393, 50.684039582019615]}, "properties": {}}, "gridRef": "SZ 54832 88393 (from GPS)", "remarks": "found whilst metal-detecting 14 inches below surface, resting on natural bedrock in 1997.", "surface": "", "toSearch": "arreton", "thickness": "", "collection": "?", "objectType": "Palstave", "composition": "", "description": "", "rightCorner": "", "associations": "SINGLE FIND", "publications": "", "optionsAccuracy": "10000", "dateDiscoveryDay": "None", "dateDiscoveryYear": "1997", "dateDiscoveryMonth": "None"}}, {"id": 7014, "created": "2014-05-31T08:53:37.510199", "project_id": 22, "task_id": 7998, "user_id": 445, "user_ip": null, "finish_time": "2014-05-31T08:53:37.510221", "timeout": null, "calibration": null, "external_uid": null, "media_url": null, "info": {"edge": "19", "site": "england; (isle of wight); arreton or arreton down or shalcombe down", "other": "unsure of first word under publications, and very first word in item description", "width": "19", "length": "60", "patina": "", "weight": "15", "geojson": {"crs": {"type": "name", "properties": {"name": "urn:ogc:def:crs:OGC:1.3:CRS84"}}, "type": "Feature", "geometry": {"type": "Point", "coordinates": [-1.2399347, 50.67569120000003]}, "properties": {}}, "gridRef": "", "remarks": "It seems uncertain whether this is \"the small bronze instrument\" said to have been found in a barrow on Shalcombe Down in 1816, or whether it was found about the same time on Arreton Down. Mr. Crawford is inclined to the latter view.", "surface": "", "toSearch": "arreton", "thickness": "4.5", "collection": "Caris brooke Museum;\r\nPresented by Sir L. Holmes", "objectType": "Tanged \"Chisel\"", "composition": "", "description": "", "rightCorner": "", "associations": "", "publications": "Hilliei     History of the Isle of Wight. Pr. i. h. 6\r\nJourn. Brit. Arch. Ass. Winchester (1846) p. 151\r\nDennett MS. No 2. fig. iii.", "optionsAccuracy": "10000", "dateDiscoveryDay": "None", "dateDiscoveryYear": "1816", "dateDiscoveryMonth": "None"}}, {"id": 7047, "created": "2014-05-31T21:07:24.241943", "project_id": 22, "task_id": 7998, "user_id": 13, "user_ip": null, "finish_time": "2014-05-31T21:07:24.241962", "timeout": null, "calibration": null, "external_uid": null, "media_url": null, "info": {"edge": "", "site": "england [;] (isle of wight) [;] arreton or [;] arreton down or shalcombe down [;] found by mr. dennett in 1816", "other": "Second number in 'weight' is written in pencil - clarification of the pen written first number.", "width": "", "length": "60", "patina": "", "weight": "", "geojson": {"crs": {"type": "name", "properties": {"name": "urn:ogc:def:crs:OGC:1.3:CRS84"}}, "type": "Feature", "geometry": {"type": "Point", "coordinates": [-1.2322099380371072, 50.680259879679426]}, "properties": {}}, "gridRef": "", "remarks": "It seems uncertain whether this is \"the small bronze instrument\" said to have been found in a barrow on Shalcombe Down[;] in 1816, or whether it was found about the same time on arreton Down. Mr Crawford is inclined to the latter view.", "surface": "", "toSearch": "arreton", "thickness": "4.5", "collection": "Carisbrooke Museums. [;] Presented by Sir L. Holmes.", "objectType": "Tanged \"chisel\"", "composition": "", "description": "", "rightCorner": "", "associations": "", "publications": "Hillier [;] History of the Isle of Wight. Pt i. p. 6 [;] Journ. Brit. arch. ass. Winchester. (1846) p. 151. [;] Dennett MS. No 2. fig. iii. ", "optionsAccuracy": "1000", "dateDiscoveryDay": "None", "dateDiscoveryYear": "None", "dateDiscoveryMonth": "None"}}, {"id": 7237, "created": "2014-06-02T19:23:15.550415", "project_id": 22, "task_id": 7999, "user_id": 13, "user_ip": null, "finish_time": "2014-06-02T19:23:15.550437", "timeout": null, "calibration": null, "external_uid": null, "media_url": null, "info": {"edge": "", "site": "england[;] isle of wight, [;] south arreton [;] arreton down [;] 1735/7 [;] found by mr. cook", "other": "", "width": "", "length": "202", "patina": "green", "weight": "", "geojson": {"crs": {"type": "name", "properties": {"name": "urn:ogc:def:crs:OGC:1.3:CRS84"}}, "type": "Feature", "geometry": {"type": "Point", "coordinates": [-1.2328536682006837, 50.67900897588728]}, "properties": {}}, "gridRef": "", "remarks": "", "surface": "", "toSearch": "arreton", "thickness": "", "collection": "British Museum [;] Sloane Colln. 743.", "objectType": "Flanged Celt (2 co[...s f...])", "composition": "", "description": "", "rightCorner": "", "associations": "found with a dagger. 1 flanged celt + 3 spearheads", "publications": "archaeologia V 113. [;] XXXVI 329. [;] Evan's Bronze. fig 8.", "optionsAccuracy": "1000", "dateDiscoveryDay": "None", "dateDiscoveryYear": "None", "dateDiscoveryMonth": "None"}}, {"id": 7239, "created": "2014-06-02T19:47:48.497387", "project_id": 22, "task_id": 8000, "user_id": 13, "user_ip": null, "finish_time": "2014-06-02T19:47:48.497408", "timeout": null, "calibration": null, "external_uid": null, "media_url": null, "info": {"edge": "", "site": "england [;] isle of wight, [;] south arreton, [;] arreton down", "other": "Not certain about 1) words beneath object type or 2) second component of reference. Apologies.", "width": "", "length": "112", "patina": "bright green. bronze shows on reverse.", "weight": "196.11", "geojson": {"crs": {"type": "name", "properties": {"name": "urn:ogc:def:crs:OGC:1.3:CRS84"}}, "type": "Feature", "geometry": {"type": "Point", "coordinates": [-1.2262017898437492, 50.68004233358893]}, "properties": {}}, "gridRef": "52 [;] 54 [;] 86", "remarks": "On display", "surface": "corroded.", "toSearch": "arreton", "thickness": "", "collection": "British Museum. [;] S. L. 744.", "objectType": "Flanged Celt (2 copies of V.", "composition": "", "description": "No stop ridge.", "rightCorner": "", "associations": "Part of hoard.", "publications": "archaeologia 113. XXXVI. [;] 329. [;] Kemble + Franks [;] House Finales [;] pl. VI. figs 24 + 25", "optionsAccuracy": "1000", "dateDiscoveryDay": "None", "dateDiscoveryYear": "None", "dateDiscoveryMonth": "None"}}, {"id": 7240, "created": "2014-06-02T19:51:18.772994", "project_id": 22, "task_id": 8001, "user_id": 13, "user_ip": null, "finish_time": "2014-06-02T19:51:18.773014", "timeout": null, "calibration": null, "external_uid": null, "media_url": null, "info": {"edge": "", "site": "england [;] isle of wight [;] arreton down [;] 1735/7.", "other": "Having difficulty in reading the words in brackets under 'Object type' - sorry.", "width": "", "length": "113", "patina": "", "weight": "", "geojson": {"crs": {"type": "name", "properties": {"name": "urn:ogc:def:crs:OGC:1.3:CRS84"}}, "type": "Feature", "geometry": {"type": "Point", "coordinates": [-1.2301070861694328, 50.6803414592034]}, "properties": {}}, "gridRef": "", "remarks": "", "surface": "", "toSearch": "arreton", "thickness": "", "collection": "British Museum. [;] Sloane Colln. 744", "objectType": "Flanged Celt (2 copies [...])", "composition": "", "description": "", "rightCorner": "", "associations": "found with a dagger. 1 flanged celt + 3 spearheads", "publications": "archaeologia V 113. XXXVI 329.", "optionsAccuracy": "1000", "dateDiscoveryDay": "None", "dateDiscoveryYear": "None", "dateDiscoveryMonth": "None"}}, {"id": 7241, "created": "2014-06-02T19:56:29.191008", "project_id": 22, "task_id": 8002, "user_id": 13, "user_ip": null, "finish_time": "2014-06-02T19:56:29.191029", "timeout": null, "calibration": null, "external_uid": null, "media_url": null, "info": {"edge": "", "site": "isle of wight, [;] south arreton, [;] arreton down [;] 1735/7", "other": "Multiple object types listed - have broken up as I feel it can be views - 1) Ogival, 2) 'Incised' in pencil, then Dagger. Riveted below Ogival.", "width": "", "length": "230", "patina": "", "weight": "144.45", "geojson": {"crs": {"type": "name", "properties": {"name": "urn:ogc:def:crs:OGC:1.3:CRS84"}}, "type": "Feature", "geometry": {"type": "Point", "coordinates": [-1.2288625411865237, 50.67998794690874]}, "properties": {}}, "gridRef": "52 [;] 54 [;] 86", "remarks": "", "surface": "smooth", "toSearch": "arreton", "thickness": "", "collection": "British Museum. [;] Sloane Colln. [;] 745.", "objectType": "Ogival [;] Incised [;] Dagger. Riveted", "composition": "", "description": "1 rivet hole + 1 broken. ;] hilt plate chipped + dented.", "rightCorner": "Ogival", "associations": "found with 2 flanged celts + 3 spearheads.", "publications": "archaeologia V 113 [;] XXXVI 329 [;] Hor. Fer. VII 18", "optionsAccuracy": "1000", "dateDiscoveryDay": "None", "dateDiscoveryYear": "None", "dateDiscoveryMonth": "None"}}, {"id": 7242, "created": "2014-06-02T20:00:54.122072", "project_id": 22, "task_id": 8003, "user_id": 13, "user_ip": null, "finish_time": "2014-06-02T20:00:54.122092", "timeout": null, "calibration": null, "external_uid": null, "media_url": null, "info": {"edge": "", "site": "england. [;] isle of wight, [;] south arreton, [;] arreton down", "other": "", "width": "", "length": "262", "patina": "deep green. golden bronze shows.", "weight": "248.81", "geojson": {"crs": {"type": "name", "properties": {"name": "urn:ogc:def:crs:OGC:1.3:CRS84"}}, "type": "Feature", "geometry": {"type": "Point", "coordinates": [-1.227145927416992, 50.680205493251336]}, "properties": {}}, "gridRef": "NI [;] 52 [;] 54 [;] 86", "remarks": "", "surface": "rather rough. [;] corroded on tang.", "toSearch": "arreton", "thickness": "", "collection": "British Museum. [;] S. L. 746.", "objectType": "Spearhead. I", "composition": "", "description": "High mid rib. with 4 ribs on right + 3 on left.", "rightCorner": "A", "associations": "Part of a hoard", "publications": "archaeologia 113. XXXVI. 329. [;] Kemble + Franks' House Ferales pl. VI. figs 24 + 25.", "optionsAccuracy": "1000", "dateDiscoveryDay": "None", "dateDiscoveryYear": "None", "dateDiscoveryMonth": "None"}}, {"id": 7243, "created": "2014-06-02T20:02:48.974951", "project_id": 22, "task_id": 8004, "user_id": 13, "user_ip": null, "finish_time": "2014-06-02T20:02:48.974972", "timeout": null, "calibration": null, "external_uid": null, "media_url": null, "info": {"edge": "", "site": "isle of wight [;] south arreton [;] arreton down", "other": "", "width": "49", "length": "262", "patina": "", "weight": "", "geojson": {"crs": {"type": "name", "properties": {"name": "urn:ogc:def:crs:OGC:1.3:CRS84"}}, "type": "Feature", "geometry": {"type": "Point", "coordinates": [-1.2269742660400382, 50.679933560165544]}, "properties": {}}, "gridRef": "52 [;] 54 [;] 86", "remarks": "", "surface": "green with golden bronze showing through; rather rough with corrosion on tang", "toSearch": "arreton", "thickness": "", "collection": "LONDON, British Museum, SL 746", "objectType": "Spearhead", "composition": "", "description": "", "rightCorner": "", "associations": "Hoard of 8 objects", "publications": "", "optionsAccuracy": "1000", "dateDiscoveryDay": "None", "dateDiscoveryYear": "None", "dateDiscoveryMonth": "None"}}, {"id": 7245, "created": "2014-06-02T20:06:47.696370", "project_id": 22, "task_id": 8005, "user_id": 13, "user_ip": null, "finish_time": "2014-06-02T20:06:47.696391", "timeout": null, "calibration": null, "external_uid": null, "media_url": null, "info": {"edge": "", "site": "england. [;] isle of wight, [;] south arreton, [;] arreton down", "other": "I should say I've been moving the findspot from Arreton village to Arreton Down (based on local knowledge).", "width": "", "length": "206.", "patina": "blue green.", "weight": "158.42", "geojson": {"crs": {"type": "name", "properties": {"name": "urn:ogc:def:crs:OGC:1.3:CRS84"}}, "type": "Feature", "geometry": {"type": "Point", "coordinates": [-1.2268026046630855, 50.679280914330576]}, "properties": {}}, "gridRef": "NI [;] 52 [;] 54 [;] 86", "remarks": "", "surface": "much corroded", "toSearch": "arreton", "thickness": "10.", "collection": "British Museum [;] S.L. 747.", "objectType": "Spearhead. Cl I", "composition": "", "description": "Two small notches on tang - one side only.", "rightCorner": "A", "associations": "Part of a hoard.", "publications": "archaeologia 113. XXXVI. 329 [;] Kemble + Franks' House Ferales pl. VI. figs 24 + 25.", "optionsAccuracy": "1000", "dateDiscoveryDay": "None", "dateDiscoveryYear": "None", "dateDiscoveryMonth": "None"}}, {"id": 7246, "created": "2014-06-02T20:10:09.803659", "project_id": 22, "task_id": 8006, "user_id": 13, "user_ip": null, "finish_time": "2014-06-02T20:10:09.803679", "timeout": null, "calibration": null, "external_uid": null, "media_url": null, "info": {"edge": "", "site": "england. [;] isle of wight, [;] south arreton, [;] arreton down", "other": "Still having difficulty on reference work.", "width": "", "length": "200", "patina": "dark green", "weight": "140.4", "geojson": {"crs": {"type": "name", "properties": {"name": "urn:ogc:def:crs:OGC:1.3:CRS84"}}, "type": "Feature", "geometry": {"type": "Point", "coordinates": [-1.2259442977783201, 50.67933530183016]}, "properties": {}}, "gridRef": "NI [;] 52 [;] 54 [;] 86", "remarks": "", "surface": "corroded in places.", "toSearch": "arreton", "thickness": "", "collection": "British Museum [;] S.L. 748.", "objectType": "Spearhead I", "composition": "", "description": "Two small notches in tang (on face only)", "rightCorner": "A", "associations": "Part of a hoard.", "publications": "archaeologia 113. [;] XXXVI. [;] 329. [;] Kemble + Franks' House Ferales . pl. VI. figs. 24 + 25", "optionsAccuracy": "1000", "dateDiscoveryDay": "None", "dateDiscoveryYear": "None", "dateDiscoveryMonth": "None"}}, {"id": 7247, "created": "2014-06-02T20:13:59.688788", "project_id": 22, "task_id": 8007, "user_id": 13, "user_ip": null, "finish_time": "2014-06-02T20:13:59.688808", "timeout": null, "calibration": null, "external_uid": null, "media_url": null, "info": {"edge": "", "site": "england. [;] isle of wight, [;] south arreton, [;] arreton down", "other": "", "width": "", "length": "215.5", "patina": "blade stains on dark bronze", "weight": "270.08", "geojson": {"crs": {"type": "name", "properties": {"name": "urn:ogc:def:crs:OGC:1.3:CRS84"}}, "type": "Feature", "geometry": {"type": "Point", "coordinates": [-1.2232835464355458, 50.67998794690876]}, "properties": {}}, "gridRef": "NI [;] 52 [;] 54 [;] 86", "remarks": "CI", "surface": "polished", "toSearch": "arreton", "thickness": "", "collection": "British Museum. [;] WG.2074", "objectType": "Spearhead II", "composition": "", "description": "2 Rivet holes [;] Socket ornamented with incised lines + the blade is grooved. [;] Point is worn. edges finely notched. [;] 2 Bosses on each side of socket.", "rightCorner": "B", "associations": "", "publications": "archaeologia XXXVI pl 25 fig 3.", "optionsAccuracy": "1000", "dateDiscoveryDay": "None", "dateDiscoveryYear": "None", "dateDiscoveryMonth": "None"}}, {"id": 7248, "created": "2014-06-02T20:17:49.483848", "project_id": 22, "task_id": 8008, "user_id": 13, "user_ip": null, "finish_time": "2014-06-02T20:17:49.483868", "timeout": null, "calibration": null, "external_uid": null, "media_url": null, "info": {"edge": "", "site": "england [;] isle of wight, [;] south arreton, [;] arreton down", "other": "Finally got publication! Sorry it took so long, please change all prior refs. to 'Horae' not House...", "width": "", "length": "254", "patina": "dark green. lighter green on reverse. peacock spots on tang", "weight": "255.14", "geojson": {"crs": {"type": "name", "properties": {"name": "urn:ogc:def:crs:OGC:1.3:CRS84"}}, "type": "Feature", "geometry": {"type": "Point", "coordinates": [-1.225429313647461, 50.678138762279765]}, "properties": {}}, "gridRef": "NI [;] 52 [;] 54 [;] 86", "remarks": "", "surface": "rather corroded.", "toSearch": "arreton", "thickness": "", "collection": "British Museum [;] WG. 2075", "objectType": "Spearhead. I", "composition": "", "description": "Top of tang chipped.", "rightCorner": "A", "associations": "Hoard", "publications": "archaeologia XXXVI p 328 No. 6. [;] Horae Ferales PL VI Fig 18", "optionsAccuracy": "1000", "dateDiscoveryDay": "None", "dateDiscoveryYear": "None", "dateDiscoveryMonth": "None"}}, {"id": 7249, "created": "2014-06-02T20:28:07.829158", "project_id": 22, "task_id": 8009, "user_id": 13, "user_ip": null, "finish_time": "2014-06-02T20:28:07.829179", "timeout": null, "calibration": null, "external_uid": null, "media_url": null, "info": {"edge": "", "site": "england [;] isle of wight [;] arreton [;] combley farm", "other": "circumstances of find: 'Found whilst metal-detecting, 14 inches [;] below surface, resting on natural bedrock. [;] Found 1997.'\r\n\r\nContext: ' SINGLE FIND'\r\n\r\nTried to locate on map as best possible.", "width": "", "length": "", "patina": "", "weight": "", "geojson": {"crs": {"type": "name", "properties": {"name": "urn:ogc:def:crs:OGC:1.3:CRS84"}}, "type": "Feature", "geometry": {"type": "Point", "coordinates": [-1.2259872131225604, 50.693120499848796]}, "properties": {}}, "gridRef": "SZ 54832 88393", "remarks": "", "surface": "surface very corroded.", "toSearch": "arreton", "thickness": "", "collection": "?", "objectType": "Palstave", "composition": "", "description": "Palstave, unlooped. Blade narrow. Flanges taper evenly back to [;] butt. Septum floor U shaped.", "rightCorner": "", "associations": "", "publications": "", "optionsAccuracy": "100", "dateDiscoveryDay": "None", "dateDiscoveryYear": "None", "dateDiscoveryMonth": "None"}}, {"id": 7250, "created": "2014-06-02T20:36:41.575618", "project_id": 22, "task_id": 8010, "user_id": 13, "user_ip": null, "finish_time": "2014-06-02T20:36:41.575637", "timeout": null, "calibration": null, "external_uid": null, "media_url": null, "info": {"edge": "", "site": "isle of wight. [;] arreton.", "other": "", "width": "", "length": "168", "patina": "Black", "weight": "469", "geojson": {"crs": {"type": "name", "properties": {"name": "urn:ogc:def:crs:OGC:1.3:CRS84"}}, "type": "Feature", "geometry": {"type": "Point", "coordinates": [-1.2399347, 50.67569120000003]}, "properties": {}}, "gridRef": "SZ 54 [;] 86", "remarks": "Found between the Farm + the Church, in draining [;] Given by Miss Roach.", "surface": "smooth", "toSearch": "arreton", "thickness": "31", "collection": "British Museum. [;] 5.6 [;] 7. 1 [;] 5 019", "objectType": "PALSTAVE [;] (Variant with shelving slot)", "composition": "Bronze", "description": "Wide flanges. slight [...] of ridges [;] with 3 slight ribs above.", "rightCorner": "IX", "associations": "", "publications": "", "optionsAccuracy": "1000", "dateDiscoveryDay": "None", "dateDiscoveryYear": "None", "dateDiscoveryMonth": "None"}}, {"id": 7251, "created": "2014-06-02T20:42:19.853316", "project_id": 22, "task_id": 8011, "user_id": 13, "user_ip": null, "finish_time": "2014-06-02T20:42:19.853337", "timeout": null, "calibration": null, "external_uid": null, "media_url": null, "info": {"edge": "", "site": "isle of wight [;] arreton [;] arreton down.", "other": "", "width": "", "length": "", "patina": "", "weight": "", "geojson": {"crs": {"type": "name", "properties": {"name": "urn:ogc:def:crs:OGC:1.3:CRS84"}}, "type": "Feature", "geometry": {"type": "Point", "coordinates": [-1.2399347, 50.67569120000003]}, "properties": {}}, "gridRef": "", "remarks": "M. [;] 2 Feb 78. [;] CI SI.", "surface": "dull gold mainly, merging to dark brown [;] for lower part of tang; old pits (small) dark [;] brown + one or two with green corrosion products. [;] none of damage to edges is obviously modern, [;] file-marks round tang, rounded corners, may be [;] modern", "toSearch": "arreton", "thickness": "", "collection": "MANCHESTER UNIV. MUS. [;] 0.8664", "objectType": "TANGED SPEARHEAD", "composition": "", "description": "Either blade wing has a swollen centre line with bevel [;] outside; midribs asymetrical on face, more-or-less [;] symm. on reverse; triangular facet at tang/blade junction [;] rounded-original or modern rubbing? hammr ripple mark [;] on face of tang, and sides; tang twisted with [;] respect to blade;", "rightCorner": "", "associations": "", "publications": "Needham 1985, A6 no. 9", "optionsAccuracy": "1000", "dateDiscoveryDay": "None", "dateDiscoveryYear": "None", "dateDiscoveryMonth": "None"}}, {"id": 7257, "created": "2014-06-02T20:57:52.207442", "project_id": 22, "task_id": 8012, "user_id": 13, "user_ip": null, "finish_time": "2014-06-02T20:57:52.207465", "timeout": null, "calibration": null, "external_uid": null, "media_url": null, "info": {"edge": "", "site": "isle of wight [;] arreton [;] combley farm", "other": "Context Type 'SINGLE FIND'\r\n\r\nCircumstances 'found whilst metal-detecting 14 inches [;] below surface, resting on natural bedrock [;] in 1997'", "width": "", "length": "", "patina": "", "weight": "", "geojson": {"crs": {"type": "name", "properties": {"name": "urn:ogc:def:crs:OGC:1.3:CRS84"}}, "type": "Feature", "geometry": {"type": "Point", "coordinates": [-1.2256009750244115, 50.69320205701428]}, "properties": {}}, "gridRef": "SZ 54832 88393", "remarks": "", "surface": "", "toSearch": "arreton", "thickness": "", "collection": "?", "objectType": "Palstave", "composition": "", "description": "", "rightCorner": "", "associations": "", "publications": "", "optionsAccuracy": "100", "dateDiscoveryDay": "None", "dateDiscoveryYear": "None", "dateDiscoveryMonth": "None"}}, {"id": 7277, "created": "2014-06-03T01:47:10.108954", "project_id": 22, "task_id": 7999, "user_id": 181, "user_ip": null, "finish_time": "2014-06-03T01:47:10.108983", "timeout": null, "calibration": null, "external_uid": null, "media_url": null, "info": {"edge": "107", "site": "england[;]isle of wight, south arreton[;]arreton down[;]1735/7 found by mr. coole", "other": "", "width": "", "length": "202", "patina": "green", "weight": "", "geojson": {"crs": {"type": "name", "properties": {"name": "urn:ogc:def:crs:OGC:1.3:CRS84"}}, "type": "Feature", "geometry": {"type": "Point", "coordinates": [-1.2179573, 50.701916299999986]}, "properties": {}}, "gridRef": "", "remarks": "", "surface": "", "toSearch": "arreton down, isle of wight", "thickness": "", "collection": "British Museum[;]Sloane Coll. 743.", "objectType": "Flanged Celt[;](2 copies giv.)", "composition": "", "description": "", "rightCorner": "", "associations": "found with a dagger, 1 flanged celt & 3 spearheads.", "publications": "Archaeologia V 113. XXXVI 329.[;]Evan's Bronze. fig 8.", "optionsAccuracy": "1000", "dateDiscoveryDay": "None", "dateDiscoveryYear": "None", "dateDiscoveryMonth": "None"}}, {"id": 7278, "created": "2014-06-03T01:52:03.612167", "project_id": 22, "task_id": 8000, "user_id": 181, "user_ip": null, "finish_time": "2014-06-03T01:52:03.612188", "timeout": null, "calibration": null, "external_uid": null, "media_url": null, "info": {"edge": "63", "site": "england[;]isle of wight,[;]south arreton,[;]arreton down", "other": "", "width": "", "length": "112", "patina": "bright green. bronze shows on reverse.", "weight": "196.11", "geojson": {"crs": {"type": "name", "properties": {"name": "urn:ogc:def:crs:OGC:1.3:CRS84"}}, "type": "Feature", "geometry": {"type": "Point", "coordinates": [-1.2179573, 50.701916299999986]}, "properties": {}}, "gridRef": "S2 64/86", "remarks": "On display", "surface": "corroded.", "toSearch": "arreton down, isle of wight", "thickness": "", "collection": "British Museum S.L. 744.", "objectType": "Flanged Celt[;](2 copies JV.", "composition": "", "description": "No stop ridge.", "rightCorner": "", "associations": "Part of hoard", "publications": "Archaeologia 113. XXXVI. 329.[;]Kemble & Frank's Horae Ferales pl. VI. figs 24 & 25", "optionsAccuracy": "1000", "dateDiscoveryDay": "None", "dateDiscoveryYear": "None", "dateDiscoveryMonth": "None"}}, {"id": 7279, "created": "2014-06-03T01:54:15.093502", "project_id": 22, "task_id": 8001, "user_id": 181, "user_ip": null, "finish_time": "2014-06-03T01:54:15.093521", "timeout": null, "calibration": null, "external_uid": null, "media_url": null, "info": {"edge": "66", "site": "england[;]isle of wight[;]arreton down[;]1735/7", "other": "", "width": "", "length": "113", "patina": "", "weight": "", "geojson": {"crs": {"type": "name", "properties": {"name": "urn:ogc:def:crs:OGC:1.3:CRS84"}}, "type": "Feature", "geometry": {"type": "Point", "coordinates": [-1.2179573, 50.701916299999986]}, "properties": {}}, "gridRef": "", "remarks": "", "surface": "", "toSearch": "arreton down, isle of wight", "thickness": "", "collection": "British Museum.[;]Sloane Coll. 744", "objectType": "Flanged Celt[;](2 copies gv)", "composition": "", "description": "", "rightCorner": "", "associations": "found with a dagger, 1 flanged celt & 3 spearheads.", "publications": "Archaeologia V 113. XXXVI 32q.", "optionsAccuracy": "1000", "dateDiscoveryDay": "None", "dateDiscoveryYear": "None", "dateDiscoveryMonth": "None"}}, {"id": 7280, "created": "2014-06-03T02:16:08.594796", "project_id": 22, "task_id": 8002, "user_id": 181, "user_ip": null, "finish_time": "2014-06-03T02:16:08.594817", "timeout": null, "calibration": null, "external_uid": null, "media_url": null, "info": {"edge": "", "site": "isle of wight,[;]south arreton,[;]arreton down[;]1735/7", "other": "It looks like water was spilled over the \"weight\", making the ink fuzzy. I took my best guess at what it said.", "width": "", "length": "230", "patina": "", "weight": "444.25", "geojson": {"crs": {"type": "name", "properties": {"name": "urn:ogc:def:crs:OGC:1.3:CRS84"}}, "type": "Feature", "geometry": {"type": "Point", "coordinates": [-1.2179573, 50.701916299999986]}, "properties": {}}, "gridRef": "SZ 54/86", "remarks": "", "surface": "smooth", "toSearch": "arreton down, isle of wight", "thickness": "", "collection": "British Museum.[;]Sloane Coll. 745.", "objectType": "Ogival[;]Incised Dagger. Riveted.", "composition": "", "description": "1 rivet hole & 1 broken.[;]hilt plate chipped & dented.", "rightCorner": "Ogival", "associations": "found with 2 flanged celts & 3 spearheads", "publications": "Archaeologia V 113 XXXVI 329[;]Hor. Fer. VII 18", "optionsAccuracy": "1000", "dateDiscoveryDay": "None", "dateDiscoveryYear": "None", "dateDiscoveryMonth": "None"}}, {"id": 7281, "created": "2014-06-03T02:23:01.464426", "project_id": 22, "task_id": 8003, "user_id": 181, "user_ip": null, "finish_time": "2014-06-03T02:23:01.464448", "timeout": null, "calibration": null, "external_uid": null, "media_url": null, "info": {"edge": "", "site": "england[;]isle of wight[;]south arreton,[;]arreton down", "other": "", "width": "", "length": "262", "patina": "deep green. golden bronze shows.", "weight": "248.81", "geojson": {"crs": {"type": "name", "properties": {"name": "urn:ogc:def:crs:OGC:1.3:CRS84"}}, "type": "Feature", "geometry": {"type": "Point", "coordinates": [-1.2179573, 50.701916299999986]}, "properties": {}}, "gridRef": "N1[;]SZ 54/86", "remarks": "", "surface": "rather rough. corroded on tary.", "toSearch": "arreton down, isle of wight", "thickness": "", "collection": "British Museum S.L. 746.", "objectType": "Spearhead. I.", "composition": "", "description": "High mid rib with 4 ribs on right & 3 on left.", "rightCorner": "A", "associations": "Part of a hoard", "publications": "Archaeologia 113. XXXVI. 329.[;]Kemble & Frank's Horae Ferales pl. VI. figs 24 & 25.", "optionsAccuracy": "1000", "dateDiscoveryDay": "None", "dateDiscoveryYear": "None", "dateDiscoveryMonth": "None"}}, {"id": 7284, "created": "2014-06-03T08:34:57.260261", "project_id": 22, "task_id": 8004, "user_id": 1, "user_ip": null, "finish_time": "2014-06-03T08:34:57.260287", "timeout": null, "calibration": null, "external_uid": null, "media_url": null, "info": {"edge": "", "site": "isle of wight [;] south arreton [;] arreton down", "other": "", "width": "49", "length": "262", "patina": "", "weight": "", "geojson": {"crs": {"type": "name", "properties": {"name": "urn:ogc:def:crs:OGC:1.3:CRS84"}}, "type": "Feature", "geometry": {"type": "Point", "coordinates": [-1.2399347, 50.67569120000003]}, "properties": {}}, "gridRef": "SZ5486", "remarks": "", "surface": "Green with golden bronze showing through; rather rough with corrosion on tang", "toSearch": "arreton isle of wight", "thickness": "", "collection": "London, British Museum, SL 746", "objectType": "Spearhead", "composition": "", "description": "", "rightCorner": "", "associations": "Hoard of 8 objects", "publications": "", "optionsAccuracy": "100", "dateDiscoveryDay": "None", "dateDiscoveryYear": "None", "dateDiscoveryMonth": "None"}}, {"id": 7486, "created": "2014-06-04T15:18:06.460367", "project_id": 22, "task_id": 8005, "user_id": 441, "user_ip": null, "finish_time": "2014-06-04T15:18:06.460388", "timeout": null, "calibration": null, "external_uid": null, "media_url": null, "info": {"edge": "", "site": "england, isle of wight, south arreton, arreton down", "other": "Width reads - blade 30. 42. tang 9", "width": "30", "length": "206", "patina": "Blue green", "weight": "158.42", "geojson": {"crs": {"type": "name", "properties": {"name": "urn:ogc:def:crs:OGC:1.3:CRS84"}}, "type": "Feature", "geometry": {"type": "Point", "coordinates": [-1.2179573, 50.701916299999986]}, "properties": {}}, "gridRef": "Ni 52 54 86", "remarks": "", "surface": "Much corroded", "toSearch": "arreton down isle of wight", "thickness": "10", "collection": "British Museum S.L. 747", "objectType": "Spearhead ", "composition": "Two small notches on tang - one side only", "description": "", "rightCorner": "A", "associations": "Part of a hoard", "publications": "Archaeologia 113 XXXVI 329\r\nKemble + [...] House Ferales pl.Vi figs 24 (crossed out) + 25 ", "optionsAccuracy": "1000", "dateDiscoveryDay": "None", "dateDiscoveryYear": "None", "dateDiscoveryMonth": "None"}}, {"id": 7768, "created": "2014-06-06T15:20:20.028626", "project_id": 22, "task_id": 8006, "user_id": 433, "user_ip": null, "finish_time": "2014-06-06T15:20:20.028647", "timeout": null, "calibration": null, "external_uid": null, "media_url": null, "info": {"edge": "", "site": "england[;]isle of wight[;]south arreton[;]arreton down", "other": "Width: blade 28mm, 41mm; tang 10mm[;]Thickness: blade 7.5mm[;]Weight: 140.4 gms", "width": "28", "length": "200", "patina": "dark green", "weight": "140", "geojson": {"crs": {"type": "name", "properties": {"name": "urn:ogc:def:crs:OGC:1.3:CRS84"}}, "type": "Feature", "geometry": {"type": "Point", "coordinates": [-1.2179573, 50.701916299999986]}, "properties": {}}, "gridRef": "", "remarks": "", "surface": "corroded in places", "toSearch": "arreton down", "thickness": "8", "collection": "British Museum[;]S.L. 748", "objectType": "Spearhead I", "composition": "", "description": "Two small notches in tang (on face only)", "rightCorner": "A", "associations": "Part of a hoard", "publications": "Archaeologica 113. XXXVI, 329[;]Kemble, Franks: Horae Ferales, pl. VI. figs. 24 and 25", "optionsAccuracy": "1000", "dateDiscoveryDay": "None", "dateDiscoveryYear": "None", "dateDiscoveryMonth": "None"}}, {"id": 7769, "created": "2014-06-06T15:25:24.145765", "project_id": 22, "task_id": 8007, "user_id": 433, "user_ip": null, "finish_time": "2014-06-06T15:25:24.145789", "timeout": null, "calibration": null, "external_uid": null, "media_url": null, "info": {"edge": "33", "site": "england[;]isle of wight[;]south arreton[;]arreton down", "other": "Length: 215.5 mm[;]Width: blade 33mm, 46mm; socket 25mm[;]Thickness: blade 10mm; socket 22mm[;]Weight 270.08 gms", "width": "25", "length": "216", "patina": "black stains on dark bronze", "weight": "270", "geojson": {"crs": {"type": "name", "properties": {"name": "urn:ogc:def:crs:OGC:1.3:CRS84"}}, "type": "Feature", "geometry": {"type": "Point", "coordinates": [-1.2179573, 50.701916299999986]}, "properties": {}}, "gridRef": "N1[;]S2[;]54[;]86", "remarks": "", "surface": "polished", "toSearch": "arreton down", "thickness": "10", "collection": "British Museum[;]W.G. 2074", "objectType": "Spearhead II", "composition": "", "description": "2 rivet holes[;]Socket ornamented with incised lines and the blade is grooved.[;]Point is worn. Edges finely notched. 2 bosses on each side of socket.", "rightCorner": "B", "associations": "", "publications": "Archaeologia, XXXVI, pl. 25, fig. 3", "optionsAccuracy": "1000", "dateDiscoveryDay": "None", "dateDiscoveryYear": "None", "dateDiscoveryMonth": "None"}}, {"id": 7770, "created": "2014-06-06T15:29:58.259163", "project_id": 22, "task_id": 8008, "user_id": 433, "user_ip": null, "finish_time": "2014-06-06T15:29:58.259185", "timeout": null, "calibration": null, "external_uid": null, "media_url": null, "info": {"edge": "", "site": "england[;]isle of wight[;]south arreton, arreton down", "other": "Width: blade 26mm, 41mm[;]Thickness: blade 13mm[;]Weight: 255.14 gms", "width": "26", "length": "254", "patina": "dark green. lighter green on reverse, peacock spots on tang", "weight": "255", "geojson": {"crs": {"type": "name", "properties": {"name": "urn:ogc:def:crs:OGC:1.3:CRS84"}}, "type": "Feature", "geometry": {"type": "Point", "coordinates": [-1.2179573, 50.701916299999986]}, "properties": {}}, "gridRef": "N1[;]S2[;]54[;]86", "remarks": "", "surface": "Rather corroded.", "toSearch": "arreton down", "thickness": "13", "collection": "British Museum[;]WG. 2075", "objectType": "Spearhead I", "composition": "", "description": "Top of tang chipped.", "rightCorner": "A", "associations": "Hoard", "publications": "Archaeologia XXXVI, p. 328, No. 6[;]Horae Ferales, Pl. VI. Fig. 18", "optionsAccuracy": "1000", "dateDiscoveryDay": "None", "dateDiscoveryYear": "None", "dateDiscoveryMonth": "None"}}, {"id": 7771, "created": "2014-06-06T15:38:21.057884", "project_id": 22, "task_id": 8009, "user_id": 433, "user_ip": null, "finish_time": "2014-06-06T15:38:21.057905", "timeout": null, "calibration": null, "external_uid": null, "media_url": null, "info": {"edge": "", "site": "england[;]isle of wight[;]arreton[;]combley farm", "other": "", "width": "", "length": "", "patina": "", "weight": "", "geojson": {"crs": {"type": "name", "properties": {"name": "urn:ogc:def:crs:OGC:1.3:CRS84"}}, "type": "Feature", "geometry": {"type": "Point", "coordinates": [-1.2179573, 50.701916299999986]}, "properties": {}}, "gridRef": "82[;]82832[;]88393[;](from GPS)", "remarks": "82 84832 88393 (from GPS[;]Found whilst metal-detecting, 16 inches below surface, resting on natural bedrock. Found 1997.[;]Context: single find", "surface": "Surface very corroded", "toSearch": "arreton down", "thickness": "", "collection": "?", "objectType": "Palstave", "composition": "", "description": "Palstave, unlooped. Blade narrow. Flanges taper evenly back to butt. Septum floor v-shaped.", "rightCorner": "", "associations": "", "publications": "", "optionsAccuracy": "1000", "dateDiscoveryDay": "None", "dateDiscoveryYear": "1997", "dateDiscoveryMonth": "None"}}, {"id": 7772, "created": "2014-06-06T15:49:07.588384", "project_id": 22, "task_id": 8010, "user_id": 433, "user_ip": null, "finish_time": "2014-06-06T15:49:07.588405", "timeout": null, "calibration": null, "external_uid": null, "media_url": null, "info": {"edge": "62", "site": "england[;]isle of wight[;]arreton", "other": "Width: butt 21mm; blade 62mm", "width": "21", "length": "168", "patina": "Black", "weight": "46", "geojson": {"crs": {"type": "name", "properties": {"name": "urn:ogc:def:crs:OGC:1.3:CRS84"}}, "type": "Feature", "geometry": {"type": "Point", "coordinates": [-1.2399347, 50.67569120000003]}, "properties": {}}, "gridRef": "S2[;]54[;]86", "remarks": "Found between the farm and the church, in draining. Given by Miss Roach.", "surface": "smooth", "toSearch": "arreton", "thickness": "31", "collection": "British Museum[;]56[;]7-1[;]5019", "objectType": "Palstave (Variant with Shelving Slot)", "composition": "Bronze", "description": "Wide flanges. Slight stop ridges with 3 slight ribs above.", "rightCorner": "IX", "associations": "", "publications": "", "optionsAccuracy": "1000", "dateDiscoveryDay": "None", "dateDiscoveryYear": "None", "dateDiscoveryMonth": "None"}}, {"id": 7773, "created": "2014-06-06T15:57:57.402840", "project_id": 22, "task_id": 8011, "user_id": 433, "user_ip": null, "finish_time": "2014-06-06T15:57:57.402861", "timeout": null, "calibration": null, "external_uid": null, "media_url": null, "info": {"edge": "", "site": "england[;]isle of wight[;]arreton[;]arreton down", "other": "", "width": "", "length": "", "patina": "", "weight": "", "geojson": {"crs": {"type": "name", "properties": {"name": "urn:ogc:def:crs:OGC:1.3:CRS84"}}, "type": "Feature", "geometry": {"type": "Point", "coordinates": [-1.2179573, 50.701916299999986]}, "properties": {}}, "gridRef": "", "remarks": "C1 S1[;]M 2 Feb. 78", "surface": "dull gold mainly, merging to dark brown for lower part of tang; odd pits (small) dark brown and one or two with green corrosion products. none of damage to edges is obviously modern; file-marks and tang, rounding corners, may be modern", "toSearch": "arreton down", "thickness": "", "collection": "Manchester University Museum[;]O.8664", "objectType": "Tanged Spearhead", "composition": "", "description": "Either blade wing has swollen centre line with bevel outside; midrib asymmetrical on face, more-or-less symm. on revers; triangular facet at tang/blade junction; rounded original or modern rubbing? hammer ripple marks on faces of tang, and sides; tang twisted with respect to blade.", "rightCorner": "", "associations": "", "publications": "Needham 1985, A6 no. 9", "optionsAccuracy": "1000", "dateDiscoveryDay": "None", "dateDiscoveryYear": "None", "dateDiscoveryMonth": "None"}}, {"id": 7774, "created": "2014-06-06T16:01:35.300242", "project_id": 22, "task_id": 8012, "user_id": 433, "user_ip": null, "finish_time": "2014-06-06T16:01:35.300264", "timeout": null, "calibration": null, "external_uid": null, "media_url": null, "info": {"edge": "", "site": "england[;]isle of wight[;]arreton[;]combley farm", "other": "", "width": "", "length": "", "patina": "", "weight": "", "geojson": {"crs": {"type": "name", "properties": {"name": "urn:ogc:def:crs:OGC:1.3:CRS84"}}, "type": "Feature", "geometry": {"type": "Point", "coordinates": [-1.2179573, 50.701916299999986]}, "properties": {}}, "gridRef": "52 54832 88393 (from GPS)", "remarks": "52 54832 88393 (From GPS)[;]Single Find[;]Found whilst metal-detecting 14 inches below surface, resting on natural bedrock in 1997", "surface": "", "toSearch": "arreton down", "thickness": "", "collection": "?", "objectType": "Palstave", "composition": "", "description": "", "rightCorner": "", "associations": "", "publications": "", "optionsAccuracy": "1000", "dateDiscoveryDay": "None", "dateDiscoveryYear": "1997", "dateDiscoveryMonth": "None"}}]