[{"id": 46403, "created": "2015-03-13T20:35:08.910538", "project_id": 181, "task_id": 34224, "user_id": 734, "user_ip": null, "finish_time": "2015-03-13T20:35:08.910566", "timeout": null, "calibration": null, "external_uid": null, "media_url": null, "info": {"lat": "", "lon": "", "edge": "", "site": "Ireland, County Offaly, Dexoris - Dowris Hoard, Found in a bog during the 1820s, ", "other": "2-part, hand-drawn, much shaded illustration.", "width": "", "length": "", "patina": "", "weight": "Bronze (Copper Alloy)", "gridRef": "", "remarks": "Late Bronze Age\r\n(950 BC - 750 BC)", "surface": "", "toSearch": "", "thickness": "", "collection": "B.M. Coollection   1854.0714.13\r\n  -> see catalogue entry\r\n      Purchased from T. L. Cooke", "objectType": "Crotal", "composition": "", "description": "Bronze Crotal:  hollow-cast spherical pendant enclosing a small metal lump to serve as a rattle:  \r\ninitially cast with side perforations to allow extraction of clay core & la[??] section of rattle; cast ring for suspension.", "rightCorner": "", "associations": "Dowris Hoard", "publications": "See catalogue [sic]", "dateDiscoveryDay": "None", "dateDiscoveryYear": "1820", "dateDiscoveryMonth": "None"}}, {"id": 46404, "created": "2015-03-13T20:41:05.658511", "project_id": 181, "task_id": 34225, "user_id": 734, "user_ip": null, "finish_time": "2015-03-13T20:41:05.658536", "timeout": null, "calibration": null, "external_uid": null, "media_url": null, "info": {"lat": "", "lon": "", "edge": "", "site": "Ireland, County of Offaly, Davis, Davris Hoard, Found in a bog during the 1820s", "other": "Date is given as \"during the 1820s\"\r\n\r\n2-part, much-shaded illlustration.", "width": "", "length": "", "patina": "", "weight": "", "gridRef": "", "remarks": "", "surface": "", "toSearch": "Daoris, county Offaly, Ireland", "thickness": "", "collection": "B.M. Collection  1883.0218.5\r\n -> see catalogue entry\r\n    Purchased from Rev. Earl of Mulgrave", "objectType": "Crotal", "composition": "Copper Alloy", "description": "", "rightCorner": "", "associations": "Davris Hoard", "publications": "See BM Catalogue.", "dateDiscoveryDay": "None", "dateDiscoveryYear": "1820", "dateDiscoveryMonth": "None"}}, {"id": 46405, "created": "2015-03-13T20:46:59.709878", "project_id": 181, "task_id": 34226, "user_id": 734, "user_ip": null, "finish_time": "2015-03-13T20:46:59.709907", "timeout": null, "calibration": null, "external_uid": null, "media_url": null, "info": {"lat": "", "lon": "", "edge": "", "site": "Ireland, County Offaly, Davris, Davris Hoard, Part of a hoard found in a bog during the 1820s., ", "other": "Date of discovery is actually given as \"during the 1820's.\"\r\n\r\nLarge, detailed and much-shaded illustration.", "width": "", "length": "", "patina": "", "weight": "", "gridRef": "", "remarks": "Late Bronze Age\r\n  (950 - 750 B.C.)", "surface": "", "toSearch": "", "thickness": "", "collection": "B.M. Collection  1854.0714.9\r\n -> see catalogue\r\n    Purchased by T. L. Cooke", "objectType": "Crotal", "composition": "Copper Alloy", "description": "Bronze Crotal:  hollow cast spherical pendant enclosing a small metal lump to serve as a rattle;\r\ninitially cast with side perforations to allow extraction of clay core and insertion of rattle;\r\ncast ring for suspension.", "rightCorner": "", "associations": "Davris Hoard", "publications": "See B. M. Catalogue", "dateDiscoveryDay": "None", "dateDiscoveryYear": "1820", "dateDiscoveryMonth": "None"}}, {"id": 46576, "created": "2015-03-14T13:51:17.253864", "project_id": 181, "task_id": 34224, "user_id": 580, "user_ip": null, "finish_time": "2015-03-14T13:51:17.253890", "timeout": null, "calibration": null, "external_uid": null, "media_url": null, "info": {"lat": "53.1520072", "lon": "-7.841282099999944", "edge": "", "site": "Ireland [;] County Offaly [;] Dowris - Dowris Hoard [;] Found in a bag during the 1820s", "other": "", "width": "", "length": "", "patina": "", "weight": "", "geojson": {"crs": {"type": "name", "properties": {"name": "urn:ogc:def:crs:OGC:1.3:CRS84"}}, "type": "Feature", "geometry": {"type": "Point", "coordinates": ["-7.841282099999944", "53.1520072"]}, "properties": {}}, "gridRef": "", "remarks": "Late Bronze Age (950 BC - 750 BC)", "surface": "", "toSearch": "Doorosheath, Co. Offaly, Irlande", "thickness": "", "collection": "B.M. Collection 1854. O714. 13 [;] see catalogue entry [;] purchased from T.L. Cooke", "objectType": "Crotal", "composition": "Bronze (Copper Alloy)", "description": "Bronze Crotam: hollow-cast spherical pendant enclosing a small metal lump to serve as a rattle; initially cast with side perforations to allow extraction of clay core & insertion of rattle; cast ring for suspension.", "rightCorner": "", "associations": "Dowris Hoard", "publications": "See catalogue", "dateDiscoveryDay": "None", "dateDiscoveryYear": "None", "dateDiscoveryMonth": "None"}}, {"id": 46577, "created": "2015-03-14T13:56:10.831421", "project_id": 181, "task_id": 34225, "user_id": 580, "user_ip": null, "finish_time": "2015-03-14T13:56:10.831445", "timeout": null, "calibration": null, "external_uid": null, "media_url": null, "info": {"lat": "53.1520072", "lon": "-7.841282099999944", "edge": "", "site": "Ireland [;] County Offaly [;] Dowris [;] Dowris Hoard [;] Found in a bag during the 1820s", "other": "", "width": "", "length": "", "patina": "", "weight": "", "geojson": {"crs": {"type": "name", "properties": {"name": "urn:ogc:def:crs:OGC:1.3:CRS84"}}, "type": "Feature", "geometry": {"type": "Point", "coordinates": ["-7.841282099999944", "53.1520072"]}, "properties": {}}, "gridRef": "", "remarks": "", "surface": "", "toSearch": "Doorosheath, Co. Offaly, Irlande", "thickness": "", "collection": "B.M. Collection 1883. 0218. 5 [;] see catalogue entry [;] Purchased from Rev. Earl of Mulgrave", "objectType": "Crotal", "composition": "Copper Alloy", "description": "", "rightCorner": "", "associations": "Dowris Hoard", "publications": "See BM catalogue", "dateDiscoveryDay": "None", "dateDiscoveryYear": "None", "dateDiscoveryMonth": "None"}}, {"id": 46578, "created": "2015-03-14T14:00:41.033625", "project_id": 181, "task_id": 34226, "user_id": 580, "user_ip": null, "finish_time": "2015-03-14T14:00:41.033650", "timeout": null, "calibration": null, "external_uid": null, "media_url": null, "info": {"lat": "53.1520072", "lon": "-7.841282099999944", "edge": "", "site": "Ireland [;] County Offaly [;] Dowris [;] Dowris Hoard [;] Part of a hoard found in a bag during the 1820s.", "other": "", "width": "", "length": "", "patina": "", "weight": "", "geojson": {"crs": {"type": "name", "properties": {"name": "urn:ogc:def:crs:OGC:1.3:CRS84"}}, "type": "Feature", "geometry": {"type": "Point", "coordinates": ["-7.841282099999944", "53.1520072"]}, "properties": {}}, "gridRef": "", "remarks": "Late Bronze Age (950 - 750 B.C.)", "surface": " ", "toSearch": "Doorosheath, Co. Offaly, Irlande", "thickness": "", "collection": "B.M. Collection 1854. 0714. 9 [;] See catalogue [;] Purchased by T.L. Cooke", "objectType": "Crotal", "composition": "Copper Alloy", "description": "Bronze Crotal: hollow cast spherival pendant enclosing a small metal lump to serve as a rattle; initially cast with side perforations to allow extraction of clay core and insertion of rattle; cast ring for sspension.", "rightCorner": "", "associations": "Dowris Hoard", "publications": "See B.M. Catalogue", "dateDiscoveryDay": "None", "dateDiscoveryYear": "None", "dateDiscoveryMonth": "None"}}, {"id": 46579, "created": "2015-03-14T14:27:08.420691", "project_id": 181, "task_id": 34227, "user_id": 580, "user_ip": null, "finish_time": "2015-03-14T14:27:08.420717", "timeout": null, "calibration": null, "external_uid": null, "media_url": null, "info": {"lat": "53.1520072", "lon": "-7.841282099999944", "edge": "", "site": "Ireland [;] County Offaly [;] Dowris [;] Dowris Hoard [;] Found in a bag during the 1820s.", "other": "", "width": "", "length": "", "patina": "", "weight": "", "geojson": {"crs": {"type": "name", "properties": {"name": "urn:ogc:def:crs:OGC:1.3:CRS84"}}, "type": "Feature", "geometry": {"type": "Point", "coordinates": ["-7.841282099999944", "53.1520072"]}, "properties": {}}, "gridRef": "", "remarks": "Late Bronze Age (950 BC - 750 BC)", "surface": "", "toSearch": "Doorosheath, Co. Offaly, Irlande", "thickness": "", "collection": "B.M. Catalogue 1883. 0218. 4 [;] see catalogue [;] Purchased from the Rev. Earl of Mulgrave", "objectType": "Crotal", "composition": "Copper Alloy", "description": "Bronze Crotal: hollow cast spherival pendant enclosing a small metal lump to serve as a rattle; initially cast with side perforations to allow extraction of clay core and insertion of rattle; cast ring for suspension.", "rightCorner": "", "associations": "", "publications": "See B.M. Catalogue", "dateDiscoveryDay": "None", "dateDiscoveryYear": "None", "dateDiscoveryMonth": "None"}}, {"id": 46605, "created": "2015-03-14T15:28:37.586612", "project_id": 181, "task_id": 34228, "user_id": 580, "user_ip": null, "finish_time": "2015-03-14T15:28:37.586637", "timeout": null, "calibration": null, "external_uid": null, "media_url": null, "info": {"lat": "53.1520072", "lon": "-7.841282099999944", "edge": "", "site": "Ireland [;] County Offaly [;] Dowris [;] Dowris Hoard [;] Found in a bag during the 1820s.", "other": "", "width": "", "length": "", "patina": "", "weight": "", "geojson": {"crs": {"type": "name", "properties": {"name": "urn:ogc:def:crs:OGC:1.3:CRS84"}}, "type": "Feature", "geometry": {"type": "Point", "coordinates": ["-7.841282099999944", "53.1520072"]}, "properties": {}}, "gridRef": "", "remarks": "", "surface": "", "toSearch": "Doorosheath, Co. Offaly, Irlande", "thickness": "", "collection": "B.M. Collection 1854. 0714. 12 [;] see catalogue [;] Purchased from T.L. Cooke", "objectType": "Crotal", "composition": "Copper Alloy", "description": "Bronze Crotal: hollow cast spherival pendant, cast ring for suspension. Damage to one side.", "rightCorner": "", "associations": "Dowris Hoard", "publications": "See B.M. Catalogue", "dateDiscoveryDay": "None", "dateDiscoveryYear": "None", "dateDiscoveryMonth": "None"}}, {"id": 46606, "created": "2015-03-14T15:31:27.683034", "project_id": 181, "task_id": 34229, "user_id": 580, "user_ip": null, "finish_time": "2015-03-14T15:31:27.683060", "timeout": null, "calibration": null, "external_uid": null, "media_url": null, "info": {"lat": "53.1520072", "lon": "-7.841282099999944", "edge": "", "site": "Ireland [;] County Offaly [;] Dowris [;] Dowris Hoard [;] Found in a bag during the 1820s.", "other": "", "width": "", "length": "", "patina": "", "weight": "", "geojson": {"crs": {"type": "name", "properties": {"name": "urn:ogc:def:crs:OGC:1.3:CRS84"}}, "type": "Feature", "geometry": {"type": "Point", "coordinates": ["-7.841282099999944", "53.1520072"]}, "properties": {}}, "gridRef": "", "remarks": "", "surface": "", "toSearch": "Doorosheath, Co. Offaly, Irlande", "thickness": "", "collection": "B.M. Collection 1854. 0714. 11 [;] see catalogue entry [;] Purchased from T.L. Cooke", "objectType": "Crotal", "composition": "Copper Alloy", "description": "Bronze Crotal: hollow cast spherival pendant, cast ring for suspension. Damage to base.", "rightCorner": "", "associations": "Dowris Hoard", "publications": "See BM catalogue", "dateDiscoveryDay": "None", "dateDiscoveryYear": "None", "dateDiscoveryMonth": "None"}}, {"id": 46607, "created": "2015-03-14T15:33:10.178196", "project_id": 181, "task_id": 34230, "user_id": 580, "user_ip": null, "finish_time": "2015-03-14T15:33:10.178224", "timeout": null, "calibration": null, "external_uid": null, "media_url": null, "info": {"lat": "53.1520072", "lon": "-7.841282099999944", "edge": "", "site": "Ireland [;] County Offaly [;] Dowris [;] Dowris Hoard [;] Found in a bag during the 1820s.", "other": "", "width": "", "length": "", "patina": "", "weight": "", "geojson": {"crs": {"type": "name", "properties": {"name": "urn:ogc:def:crs:OGC:1.3:CRS84"}}, "type": "Feature", "geometry": {"type": "Point", "coordinates": ["-7.841282099999944", "53.1520072"]}, "properties": {}}, "gridRef": "", "remarks": "", "surface": "", "toSearch": "Doorosheath, Co. Offaly, Irlande", "thickness": "", "collection": "B.M. Collection 1854. 0714. 10 [;] see catalogue entry [;] Purchased from T.L. Cooke", "objectType": "Crotal", "composition": "Coper Alloy", "description": "Bronze Crotal: hollow cast spherical pendant, cast ring for suspension.", "rightCorner": "", "associations": "Dowris Hoard", "publications": "See BM catalogue", "dateDiscoveryDay": "None", "dateDiscoveryYear": "None", "dateDiscoveryMonth": "None"}}, {"id": 46608, "created": "2015-03-14T15:34:40.903829", "project_id": 181, "task_id": 34231, "user_id": 580, "user_ip": null, "finish_time": "2015-03-14T15:34:40.903854", "timeout": null, "calibration": null, "external_uid": null, "media_url": null, "info": {"lat": "53.1520072", "lon": "-7.841282099999944", "edge": "", "site": "Ireland [;] County Offaly [;] Dowris [;] Dowris Hoard [;] Found in a bag during the 1820s.", "other": "", "width": "", "length": "", "patina": "", "weight": "", "geojson": {"crs": {"type": "name", "properties": {"name": "urn:ogc:def:crs:OGC:1.3:CRS84"}}, "type": "Feature", "geometry": {"type": "Point", "coordinates": ["-7.841282099999944", "53.1520072"]}, "properties": {}}, "gridRef": "", "remarks": "", "surface": "", "toSearch": "Doorosheath, Co. Offaly, Irlande", "thickness": "", "collection": "B.M. Collection 1854. 0714. 11 [;] see catalogue entry [;] Purchased from T.L. Cooke", "objectType": "Crotal", "composition": "Copper Alloy", "description": "Copper Alloy Crotal, incomplete", "rightCorner": "", "associations": "Dowris Hoard", "publications": "", "dateDiscoveryDay": "None", "dateDiscoveryYear": "None", "dateDiscoveryMonth": "None"}}, {"id": 46609, "created": "2015-03-14T15:37:42.912865", "project_id": 181, "task_id": 34232, "user_id": 580, "user_ip": null, "finish_time": "2015-03-14T15:37:42.912894", "timeout": null, "calibration": null, "external_uid": null, "media_url": null, "info": {"lat": "53.25451899999999", "lon": "-7.633362499999976", "edge": "", "site": "Ireland [;] County Offaly [;] Dowris? [;] Dowris? [;] Hoard", "other": "", "width": "", "length": "", "patina": "", "weight": "", "geojson": {"crs": {"type": "name", "properties": {"name": "urn:ogc:def:crs:OGC:1.3:CRS84"}}, "type": "Feature", "geometry": {"type": "Point", "coordinates": ["-7.633362499999976", "53.25451899999999"]}, "properties": {}}, "gridRef": "", "remarks": "Grouped with other Index Cards from Dowris Hoard, assumed to be one of the Crotals in the B.M.'s collection.", "surface": "", "toSearch": "Co. Offaly, Irlande", "thickness": "", "collection": "B.M. Collection [;] see catalogue entries", "objectType": "Crotal", "composition": "Copper Alloy", "description": "", "rightCorner": "", "associations": "Dowris Hoard?", "publications": "", "dateDiscoveryDay": "None", "dateDiscoveryYear": "None", "dateDiscoveryMonth": "None"}}, {"id": 46610, "created": "2015-03-14T15:39:40.105547", "project_id": 181, "task_id": 34233, "user_id": 580, "user_ip": null, "finish_time": "2015-03-14T15:39:40.105570", "timeout": null, "calibration": null, "external_uid": null, "media_url": null, "info": {"lat": "53.2356871", "lon": "-7.712222900000029", "edge": "", "site": "Ireland [;] County Offaly [;] Dowris? [;] Dowris Hoard?", "other": "", "width": "", "length": "", "patina": "", "weight": "", "geojson": {"crs": {"type": "name", "properties": {"name": "urn:ogc:def:crs:OGC:1.3:CRS84"}}, "type": "Feature", "geometry": {"type": "Point", "coordinates": ["-7.712222900000029", "53.2356871"]}, "properties": {}}, "gridRef": "", "remarks": "Grouped with other Index Cards from Dowris Hoard, assumed to be one of Crotals in the B.M.'s collection.", "surface": "", "toSearch": "Comt\u00e9 d'Offaly, Co. Offaly, Irlande", "thickness": "", "collection": "B.M. Collections [;]see catalogue entries", "objectType": "Crotal", "composition": "Copper Alloy", "description": "", "rightCorner": "", "associations": "Dowris Hoard?", "publications": "", "dateDiscoveryDay": "None", "dateDiscoveryYear": "None", "dateDiscoveryMonth": "None"}}, {"id": 46611, "created": "2015-03-14T15:41:38.466238", "project_id": 181, "task_id": 34234, "user_id": 580, "user_ip": null, "finish_time": "2015-03-14T15:41:38.466268", "timeout": null, "calibration": null, "external_uid": null, "media_url": null, "info": {"lat": "53.2356871", "lon": "-7.712222900000029", "edge": "", "site": "Ireland [;] County Offaly [;] Dowris? [;] Dowris Hoard?", "other": "", "width": "", "length": "", "patina": "", "weight": "", "geojson": {"crs": {"type": "name", "properties": {"name": "urn:ogc:def:crs:OGC:1.3:CRS84"}}, "type": "Feature", "geometry": {"type": "Point", "coordinates": ["-7.712222900000029", "53.2356871"]}, "properties": {}}, "gridRef": "", "remarks": "Grouped with other Index Cards from Dowris Hoard, assume to be one of the Crotals in the B.M.'s Collection.", "surface": "", "toSearch": "Comt\u00e9 d'Offaly, Co. Offaly, Irlande", "thickness": "", "collection": "B.M. Collections [;] see catalogue entries", "objectType": "Crotal", "composition": "Copper Alloy", "description": "", "rightCorner": "", "associations": "Dowris Hoard?", "publications": "", "dateDiscoveryDay": "None", "dateDiscoveryYear": "None", "dateDiscoveryMonth": "None"}}, {"id": 46612, "created": "2015-03-14T15:43:45.460701", "project_id": 181, "task_id": 34235, "user_id": 580, "user_ip": null, "finish_time": "2015-03-14T15:43:45.460729", "timeout": null, "calibration": null, "external_uid": null, "media_url": null, "info": {"lat": "53.2356871", "lon": "-7.712222900000029", "edge": "", "site": "Ireland [;] County Offaly [;] Dowris? [;] Dowris Hoard?", "other": "", "width": "", "length": "", "patina": "", "weight": "", "geojson": {"crs": {"type": "name", "properties": {"name": "urn:ogc:def:crs:OGC:1.3:CRS84"}}, "type": "Feature", "geometry": {"type": "Point", "coordinates": ["-7.712222900000029", "53.2356871"]}, "properties": {}}, "gridRef": "", "remarks": "Grouped with other Index Cards from Dowris Hoard, assumed to be one of the Crotals in the B.M. Collection.", "surface": "", "toSearch": "Comt\u00e9 d'Offaly, Co. Offaly, Irlande", "thickness": "", "collection": "B.M. Collections [;]see Catalogue entries", "objectType": "Crotal", "composition": "Copper Alloy", "description": "", "rightCorner": "", "associations": "Dowris Hoard?", "publications": "", "dateDiscoveryDay": "None", "dateDiscoveryYear": "None", "dateDiscoveryMonth": "None"}}, {"id": 46613, "created": "2015-03-14T15:47:01.264658", "project_id": 181, "task_id": 34236, "user_id": 580, "user_ip": null, "finish_time": "2015-03-14T15:47:01.264687", "timeout": null, "calibration": null, "external_uid": null, "media_url": null, "info": {"lat": "53.2356871", "lon": "-7.712222900000029", "edge": "", "site": "Ireland [;] County Offaly [;] Dowris? [;] Dowris Hoard?", "other": "", "width": "", "length": "", "patina": "", "weight": "", "geojson": {"crs": {"type": "name", "properties": {"name": "urn:ogc:def:crs:OGC:1.3:CRS84"}}, "type": "Feature", "geometry": {"type": "Point", "coordinates": ["-7.712222900000029", "53.2356871"]}, "properties": {}}, "gridRef": "", "remarks": "Grouped together with other Index Cards from Dowris Hoard, assumed to be one of the Crotals in the B.M. Collection.", "surface": "", "toSearch": "Comt\u00e9 d'Offaly, Co. Offaly, Irlande", "thickness": "", "collection": "B.M. Collections [;] See Catalogue entries", "objectType": "Crotal", "composition": "Copper Alloy", "description": "", "rightCorner": "", "associations": "Dowris Hoard?", "publications": "", "dateDiscoveryDay": "None", "dateDiscoveryYear": "None", "dateDiscoveryMonth": "None"}}, {"id": 46614, "created": "2015-03-14T15:49:44.066414", "project_id": 181, "task_id": 34237, "user_id": 580, "user_ip": null, "finish_time": "2015-03-14T15:49:44.066442", "timeout": null, "calibration": null, "external_uid": null, "media_url": null, "info": {"lat": "53.41291", "lon": "-8.243889999999965", "edge": "", "site": "Ireland [;] Exact site unknown. [;] Found in a bag.", "other": "", "width": "68; 22; (diameter of ring) 45", "length": "135", "patina": "", "weight": "445.29", "geojson": {"crs": {"type": "name", "properties": {"name": "urn:ogc:def:crs:OGC:1.3:CRS84"}}, "type": "Feature", "geometry": {"type": "Point", "coordinates": ["-8.243889999999965", "53.41291"]}, "properties": {}}, "gridRef": "", "remarks": "Found in a bog.", "surface": "original.", "toSearch": "Irlande", "thickness": "", "collection": "Exeter Museum (No. 321) [;] Presented by Mr. F.W.L. Ross.", "objectType": "\"Crotal\"", "composition": "", "description": "Pellet inside which rattles when shaken.", "rightCorner": "", "associations": "", "publications": "", "dateDiscoveryDay": "None", "dateDiscoveryYear": "None", "dateDiscoveryMonth": "None"}}, {"id": 46619, "created": "2015-03-14T21:00:02.511595", "project_id": 181, "task_id": 34227, "user_id": 734, "user_ip": null, "finish_time": "2015-03-14T21:00:02.511623", "timeout": null, "calibration": null, "external_uid": null, "media_url": null, "info": {"lat": "", "lon": "", "edge": "", "site": "Ireland, County Offaly, Davris, Davris Hoard, Found in a bog during the 1820s.", "other": "Date is actually given as \"during the 1820s.\"\r\n\r\nDetailed, much shaded illustration giving 2 views of Crotal.", "width": "", "length": "", "patina": "", "weight": "", "gridRef": "", "remarks": "Late Bronze Age\r\n(950 BC - 750 BC)", "surface": "", "toSearch": "", "thickness": "", "collection": "B. M.  Catalogue   1883.0218.4\r\n  ->  se catalogue\r\n             Purchased from Rev. Earl of Mulgrave", "objectType": "Crotal", "composition": "Copper Alloy", "description": "Bronze Crotal:  hollow cast spherical pendant enclosing a small metal lump to serve as a rattle;\r\nhidrably [?] cast with side perforations to allow extraction of clay core and insertion of rattle; cast ring for suspension.\r\n", "rightCorner": "", "associations": "Davris Hoard", "publications": "See B.M. Catalogue", "dateDiscoveryDay": "None", "dateDiscoveryYear": "1820", "dateDiscoveryMonth": "None"}}, {"id": 46620, "created": "2015-03-14T21:04:32.516760", "project_id": 181, "task_id": 34228, "user_id": 734, "user_ip": null, "finish_time": "2015-03-14T21:04:32.516788", "timeout": null, "calibration": null, "external_uid": null, "media_url": null, "info": {"lat": "", "lon": "", "edge": "", "site": "Ireland, County Offaly, Davris, Davris Hoard, Found in a bog during the 1820s.", "other": "Date given is actually \"during the 1820s.\"\r\n\r\nDetailed, much-shaded illustration, showing two views of Crotal.", "width": "", "length": "", "patina": "", "weight": "", "gridRef": "", "remarks": "", "surface": "", "toSearch": "", "thickness": "", "collection": "B.M. Collection   1854.0714.12\r\n  ->  see catalogue\r\n           Purchased fromT. L.Cooke", "objectType": "Crotal", "composition": "Copper Alloy", "description": "Bronze Crotal:  hollow cast spherical pendant, cast ring for suspension.  Damage to one side.", "rightCorner": "", "associations": "Davris Hoard", "publications": "See B.M.Catalogue", "dateDiscoveryDay": "None", "dateDiscoveryYear": "1820", "dateDiscoveryMonth": "None"}}, {"id": 46663, "created": "2015-03-14T22:15:43.705843", "project_id": 181, "task_id": 34224, "user_id": 433, "user_ip": null, "finish_time": "2015-03-14T22:15:43.705869", "timeout": null, "calibration": null, "external_uid": null, "media_url": null, "info": {"lat": "53.2356871", "lon": "-7.712222900000029", "edge": "", "site": "Ireland[;]County Offaly[;]Dowris[;]Dowris Hoard[;]Found in a bog during the 1820s", "other": "", "width": "", "length": "", "patina": "", "weight": "", "geojson": {"crs": {"type": "name", "properties": {"name": "urn:ogc:def:crs:OGC:1.3:CRS84"}}, "type": "Feature", "geometry": {"type": "Point", "coordinates": ["-7.712222900000029", "53.2356871"]}, "properties": {}}, "gridRef": "", "remarks": "Late Bronze Age (950 BC - 250 BC)", "surface": "", "toSearch": "Offaly, Co. Offaly, Ireland", "thickness": "", "collection": "British Museum Collection, 1854.0714.13[;]See catalogue entry[;]Purchased from T. L. Cooke", "objectType": "Crotal", "composition": "Bronze  (Copper Alloy)", "description": "Bronze Crotal:  Hollow-base spherical pendant enclosing a small metal lump to serve as a rattle; initially cast with side perforations to allow extraction of clay core and insertion of rattle; cast ring for suspension.", "rightCorner": "", "associations": "Dowris Hoard", "publications": "See catalogue", "dateDiscoveryDay": "None", "dateDiscoveryYear": "1820", "dateDiscoveryMonth": "None"}}, {"id": 46667, "created": "2015-03-14T22:17:26.974147", "project_id": 181, "task_id": 34225, "user_id": 433, "user_ip": null, "finish_time": "2015-03-14T22:17:26.974171", "timeout": null, "calibration": null, "external_uid": null, "media_url": null, "info": {"lat": "53.2356871", "lon": "-7.712222900000029", "edge": "", "site": "Ireland[;]County Offaly[;]Dowris[;]Dowris Hoard[;]Found in a bog during the 1820s", "other": "", "width": "", "length": "", "patina": "", "weight": "", "geojson": {"crs": {"type": "name", "properties": {"name": "urn:ogc:def:crs:OGC:1.3:CRS84"}}, "type": "Feature", "geometry": {"type": "Point", "coordinates": ["-7.712222900000029", "53.2356871"]}, "properties": {}}, "gridRef": "", "remarks": "", "surface": "", "toSearch": "Offaly, Co. Offaly, Ireland", "thickness": "", "collection": "British Museum Collection, 1883.0218.5[;]See catalogue entry[;]Purchased from Rev. Earl of Mulgrave.", "objectType": "Crotal", "composition": "Copper Alloy", "description": "", "rightCorner": "", "associations": "Dowris Hoard", "publications": "See BM Catalogue", "dateDiscoveryDay": "None", "dateDiscoveryYear": "None", "dateDiscoveryMonth": "None"}}, {"id": 46670, "created": "2015-03-14T22:20:58.502430", "project_id": 181, "task_id": 34226, "user_id": 433, "user_ip": null, "finish_time": "2015-03-14T22:20:58.502456", "timeout": null, "calibration": null, "external_uid": null, "media_url": null, "info": {"lat": "53.2356871", "lon": "-7.712222900000029", "edge": "", "site": "Ireland[;]County of Offaly[;]Dowris[;]Dowris Hoard[;]Part of a hoard found in a bog during the 1820s.", "other": "", "width": "", "length": "", "patina": "", "weight": "", "geojson": {"crs": {"type": "name", "properties": {"name": "urn:ogc:def:crs:OGC:1.3:CRS84"}}, "type": "Feature", "geometry": {"type": "Point", "coordinates": ["-7.712222900000029", "53.2356871"]}, "properties": {}}, "gridRef": "", "remarks": "Late Bronze Age (950-750 B.C.)", "surface": "", "toSearch": "Offaly, Co. Offaly, Ireland", "thickness": "", "collection": "British Museum Collection, 1854.0714.9[;]See Catalogue[;]Purchased by T. L. Cooke", "objectType": "Crotal", "composition": "Copper Alloy", "description": "Bronze Crotal: Hollow cast spherical pendant enclosing a small metal lump to serve as a rattle; initially cast with side perforations to allow extraction of clay core and insertion of rattle; cast ring for suspension.", "rightCorner": "", "associations": "Dowris Hoard", "publications": "see B.M. catalogue", "dateDiscoveryDay": "None", "dateDiscoveryYear": "1820", "dateDiscoveryMonth": "None"}}, {"id": 46693, "created": "2015-03-15T07:15:38.318677", "project_id": 181, "task_id": 34227, "user_id": 433, "user_ip": null, "finish_time": "2015-03-15T07:15:38.318706", "timeout": null, "calibration": null, "external_uid": null, "media_url": null, "info": {"lat": "53.2356871", "lon": "-7.712222900000029", "edge": "", "site": "Ireland[;]County Offaly[;]Dowris[;]Dowris Hoard[;]Found in a bog during the 1820s.", "other": "", "width": "", "length": "", "patina": "", "weight": "", "geojson": {"crs": {"type": "name", "properties": {"name": "urn:ogc:def:crs:OGC:1.3:CRS84"}}, "type": "Feature", "geometry": {"type": "Point", "coordinates": ["-7.712222900000029", "53.2356871"]}, "properties": {}}, "gridRef": "", "remarks": "Late Bronze Age (950 BC - 750 BC)", "surface": "", "toSearch": "Offaly, Co. Offaly, Ireland", "thickness": "", "collection": "British Museum Catalogue, 1883.0218.4[;]See catalogue[;]Purchased from Rev. Earl of Mulgrave", "objectType": "Crotal", "composition": "Copper Alloy", "description": "Bronze Crotal: Hollow cast spherical pendant enclosing a small metal lump to serve as a rattle; [...rably] cast with side perforations to allow extraction of clay core and insertion of rattle; cast ring for suspension.", "rightCorner": "", "associations": "Dowris Hoard", "publications": "See B.M. catalogue", "dateDiscoveryDay": "None", "dateDiscoveryYear": "1820", "dateDiscoveryMonth": "None"}}, {"id": 46694, "created": "2015-03-15T07:18:10.155719", "project_id": 181, "task_id": 34228, "user_id": 433, "user_ip": null, "finish_time": "2015-03-15T07:18:10.155746", "timeout": null, "calibration": null, "external_uid": null, "media_url": null, "info": {"lat": "53.2356871", "lon": "-7.712222900000029", "edge": "", "site": "Ireland[;]County Offaly[;]Dowris[;]Dowris Hoard[;]Found in a bog during the 1820s.", "other": "", "width": "", "length": "", "patina": "", "weight": "", "geojson": {"crs": {"type": "name", "properties": {"name": "urn:ogc:def:crs:OGC:1.3:CRS84"}}, "type": "Feature", "geometry": {"type": "Point", "coordinates": ["-7.712222900000029", "53.2356871"]}, "properties": {}}, "gridRef": "", "remarks": "", "surface": "", "toSearch": "Offaly, Co. Offaly, Ireland", "thickness": "", "collection": "British Museum Collection, 1854.0714.12[;]See catalogue[;]Purchased from T. L. Cooke", "objectType": "Crotal", "composition": "Copper Alloy", "description": "Bronze Crotal: hollow cast spherical pendant, cast ring for suspension. Damage to one side.", "rightCorner": "", "associations": "Dowris Hoard", "publications": "See B.M. Catalogue", "dateDiscoveryDay": "None", "dateDiscoveryYear": "1820", "dateDiscoveryMonth": "None"}}, {"id": 46695, "created": "2015-03-15T07:20:07.129602", "project_id": 181, "task_id": 34229, "user_id": 433, "user_ip": null, "finish_time": "2015-03-15T07:20:07.129628", "timeout": null, "calibration": null, "external_uid": null, "media_url": null, "info": {"lat": "53.2356871", "lon": "-7.712222900000029", "edge": "", "site": "Ireland[;]County Offaly[;]Dowris[;]Dowris Hoard[;]Found in a bog during the 1820s.", "other": "", "width": "", "length": "", "patina": "", "weight": "", "geojson": {"crs": {"type": "name", "properties": {"name": "urn:ogc:def:crs:OGC:1.3:CRS84"}}, "type": "Feature", "geometry": {"type": "Point", "coordinates": ["-7.712222900000029", "53.2356871"]}, "properties": {}}, "gridRef": "", "remarks": "", "surface": "", "toSearch": "Offaly, Co. Offaly, Ireland", "thickness": "", "collection": "British Museum Collection, 1854.0714.11[;]See catalogue entry[;]Purchased from T. L. Cooke", "objectType": "Crotal", "composition": "Copper Alloy", "description": "Bronze Crotal: hollow cast spherical pendant, cast ring for suspension. Damage to base.", "rightCorner": "", "associations": "Dowris Hoard", "publications": "See B.M. Catalogue", "dateDiscoveryDay": "None", "dateDiscoveryYear": "1820", "dateDiscoveryMonth": "None"}}, {"id": 46754, "created": "2015-03-15T17:40:01.114735", "project_id": 181, "task_id": 34229, "user_id": 896, "user_ip": null, "finish_time": "2015-03-15T17:40:01.114764", "timeout": null, "calibration": null, "external_uid": null, "media_url": null, "info": {"lat": "53.2356871", "lon": "-7.712222900000029", "edge": "", "site": "Dowris Hoard, Found in a bog during the 1820's, County Offaly, ", "other": "", "width": "", "length": "", "patina": "", "weight": "", "geojson": {"crs": {"type": "name", "properties": {"name": "urn:ogc:def:crs:OGC:1.3:CRS84"}}, "type": "Feature", "geometry": {"type": "Point", "coordinates": ["-7.712222900000029", "53.2356871"]}, "properties": {}}, "gridRef": "", "remarks": "", "surface": "", "toSearch": "Offaly, Co. Offaly, Ireland", "thickness": "", "collection": "B.M. Collection 1854 0714.11\r\nsee catalogue entry\r\nPurchased T L. Cooke\r\n", "objectType": "Crotal", "composition": "Copper Alloy", "description": "Bronze Crotal: hollow cast spherical pendant, Cast ring for suspension. Damage to base.", "rightCorner": "", "associations": "Dowris Hoard", "publications": "See BM catalogue", "dateDiscoveryDay": "None", "dateDiscoveryYear": "1820", "dateDiscoveryMonth": "None"}}, {"id": 46858, "created": "2015-03-15T22:00:59.428943", "project_id": 181, "task_id": 34230, "user_id": 433, "user_ip": null, "finish_time": "2015-03-15T22:00:59.428969", "timeout": null, "calibration": null, "external_uid": null, "media_url": null, "info": {"lat": "53.2356871", "lon": "-7.712222900000029", "edge": "", "site": "Ireland[;]County Offaly[;]Dowris[;]Dowris Hoard[;]Found in a bog during the 1820s.", "other": "", "width": "", "length": "", "patina": "", "weight": "", "geojson": {"crs": {"type": "name", "properties": {"name": "urn:ogc:def:crs:OGC:1.3:CRS84"}}, "type": "Feature", "geometry": {"type": "Point", "coordinates": ["-7.712222900000029", "53.2356871"]}, "properties": {}}, "gridRef": "", "remarks": "", "surface": "", "toSearch": "Offaly, Co. Offaly, Ireland", "thickness": "", "collection": "British Museum Collection, 1854.0714.10[;]See Catalogue entry[;]Purchased from T. L. Cooke", "objectType": "Crotal", "composition": "Copper Alloy", "description": "Bronze Crotal: Hollow cast spherical pendant, cast ring for suspension.", "rightCorner": "", "associations": "Dowris Hoard", "publications": "See B.M. Catalogue", "dateDiscoveryDay": "None", "dateDiscoveryYear": "1820", "dateDiscoveryMonth": "None"}}, {"id": 46859, "created": "2015-03-15T22:03:19.075184", "project_id": 181, "task_id": 34231, "user_id": 433, "user_ip": null, "finish_time": "2015-03-15T22:03:19.075209", "timeout": null, "calibration": null, "external_uid": null, "media_url": null, "info": {"lat": "53.2356871", "lon": "-7.712222900000029", "edge": "", "site": "Ireland[;]County Offaly[;]Dowris[;]Dowris Hoard[;]Found in a bog in the 1820s", "other": "", "width": "", "length": "", "patina": "", "weight": "", "geojson": {"crs": {"type": "name", "properties": {"name": "urn:ogc:def:crs:OGC:1.3:CRS84"}}, "type": "Feature", "geometry": {"type": "Point", "coordinates": ["-7.712222900000029", "53.2356871"]}, "properties": {}}, "gridRef": "", "remarks": "", "surface": "", "toSearch": "Offaly, Co. Offaly, Ireland", "thickness": "", "collection": "British Museum Collection, 1854.0714.14[;]See catalogue entry.[;]Purchased from T. L. Cooke", "objectType": "Crotal", "composition": "Copper Alloy", "description": "Copper Alloy Crotal, incomplete", "rightCorner": "", "associations": "Dowris Hoard", "publications": "", "dateDiscoveryDay": "None", "dateDiscoveryYear": "1820", "dateDiscoveryMonth": "None"}}, {"id": 46860, "created": "2015-03-15T22:05:57.220004", "project_id": 181, "task_id": 34232, "user_id": 433, "user_ip": null, "finish_time": "2015-03-15T22:05:57.220033", "timeout": null, "calibration": null, "external_uid": null, "media_url": null, "info": {"lat": "53.2356871", "lon": "-7.712222900000029", "edge": "", "site": "Ireland[;]County Offaly[;]Dowris?[;]Dowris Hoard?", "other": "", "width": "", "length": "", "patina": "", "weight": "", "geojson": {"crs": {"type": "name", "properties": {"name": "urn:ogc:def:crs:OGC:1.3:CRS84"}}, "type": "Feature", "geometry": {"type": "Point", "coordinates": ["-7.712222900000029", "53.2356871"]}, "properties": {}}, "gridRef": "", "remarks": "Grouped with other index cards from Dowris Hoard, assumed to be one of the crotals in the British Museum's Collection...", "surface": "", "toSearch": "Offaly, Co. Offaly, Ireland", "thickness": "", "collection": "British Museum collection[;]See catalogue entries.", "objectType": "Crotal", "composition": "Copper alloy", "description": "", "rightCorner": "", "associations": "Dowris Hoard?", "publications": "", "dateDiscoveryDay": "None", "dateDiscoveryYear": "None", "dateDiscoveryMonth": "None"}}, {"id": 46861, "created": "2015-03-15T22:07:42.482514", "project_id": 181, "task_id": 34233, "user_id": 433, "user_ip": null, "finish_time": "2015-03-15T22:07:42.482540", "timeout": null, "calibration": null, "external_uid": null, "media_url": null, "info": {"lat": "53.2356871", "lon": "-7.712222900000029", "edge": "", "site": "Ireland[;]County Offaly[;]Dowris?[;]Dowris Hoard?", "other": "", "width": "", "length": "", "patina": "", "weight": "", "geojson": {"crs": {"type": "name", "properties": {"name": "urn:ogc:def:crs:OGC:1.3:CRS84"}}, "type": "Feature", "geometry": {"type": "Point", "coordinates": ["-7.712222900000029", "53.2356871"]}, "properties": {}}, "gridRef": "", "remarks": "Grouped with other index cards from Dowris Hoard, assumed to be one of crotals in the British Museum's Collection.", "surface": "", "toSearch": "Offaly, Co. Offaly, Ireland", "thickness": "", "collection": "British Museum Collections[;]See Catalogue entries", "objectType": "Crotal", "composition": "Copper Alloy", "description": "", "rightCorner": "", "associations": "Dowris Hoard?", "publications": "", "dateDiscoveryDay": "None", "dateDiscoveryYear": "None", "dateDiscoveryMonth": "None"}}, {"id": 46862, "created": "2015-03-15T22:09:54.633603", "project_id": 181, "task_id": 34234, "user_id": 433, "user_ip": null, "finish_time": "2015-03-15T22:09:54.633625", "timeout": null, "calibration": null, "external_uid": null, "media_url": null, "info": {"lat": "53.2356871", "lon": "-7.712222900000029", "edge": "", "site": "Ireland[;]County of Offaly[;]Dowris?[;]Dowris Hoard?", "other": "", "width": "", "length": "", "patina": "", "weight": "", "geojson": {"crs": {"type": "name", "properties": {"name": "urn:ogc:def:crs:OGC:1.3:CRS84"}}, "type": "Feature", "geometry": {"type": "Point", "coordinates": ["-7.712222900000029", "53.2356871"]}, "properties": {}}, "gridRef": "", "remarks": "Grouped with other index cards from the Dowris Hoard, assumed to be one of the crotal's in the British Museum's Collection", "surface": "", "toSearch": "Offaly, Co. Offaly, Ireland", "thickness": "", "collection": "British Museum Collections[;]See catalogue entries", "objectType": "Crotal", "composition": "Copper Alloy", "description": "", "rightCorner": "", "associations": "Dowris Hoard?", "publications": "", "dateDiscoveryDay": "None", "dateDiscoveryYear": "None", "dateDiscoveryMonth": "None"}}, {"id": 46864, "created": "2015-03-15T22:12:11.012548", "project_id": 181, "task_id": 34235, "user_id": 433, "user_ip": null, "finish_time": "2015-03-15T22:12:11.012576", "timeout": null, "calibration": null, "external_uid": null, "media_url": null, "info": {"lat": "53.2356871", "lon": "-7.712222900000029", "edge": "", "site": "Ireland[;]County Offaly[;]Dowris?[;]Dowris Hoard?", "other": "", "width": "", "length": "", "patina": "", "weight": "", "geojson": {"crs": {"type": "name", "properties": {"name": "urn:ogc:def:crs:OGC:1.3:CRS84"}}, "type": "Feature", "geometry": {"type": "Point", "coordinates": ["-7.712222900000029", "53.2356871"]}, "properties": {}}, "gridRef": "", "remarks": "Grouped together with other index cards from Dowris Hoard, assumed to be one of the crotals in the British Museum collection.", "surface": "", "toSearch": "Offaly, Co. Offaly, Ireland", "thickness": "", "collection": "British Museum Collections[;]See catalogue entries", "objectType": "Crotal", "composition": "Copper Alloy", "description": "", "rightCorner": "", "associations": "Dowris Hoard?", "publications": "", "dateDiscoveryDay": "None", "dateDiscoveryYear": "None", "dateDiscoveryMonth": "None"}}, {"id": 46869, "created": "2015-03-15T22:14:15.747222", "project_id": 181, "task_id": 34236, "user_id": 433, "user_ip": null, "finish_time": "2015-03-15T22:14:15.747251", "timeout": null, "calibration": null, "external_uid": null, "media_url": null, "info": {"lat": "53.2356871", "lon": "-7.712222900000029", "edge": "", "site": "Ireland[;]County Offaly[;]Dowris?[;]Dowris Hoard?", "other": "", "width": "", "length": "", "patina": "", "weight": "", "geojson": {"crs": {"type": "name", "properties": {"name": "urn:ogc:def:crs:OGC:1.3:CRS84"}}, "type": "Feature", "geometry": {"type": "Point", "coordinates": ["-7.712222900000029", "53.2356871"]}, "properties": {}}, "gridRef": "", "remarks": "Grouped together with other index cards from Dowris Hoard, assumed to be one of the crotals in the British Museum Collection.", "surface": "", "toSearch": "Offaly, Co. Offaly, Ireland", "thickness": "", "collection": "British Museum Collections[;]see Catalogue entries", "objectType": "Crotal", "composition": "Copper Alloy", "description": "", "rightCorner": "", "associations": "Dowris Hoard?", "publications": "", "dateDiscoveryDay": "None", "dateDiscoveryYear": "None", "dateDiscoveryMonth": "None"}}, {"id": 46873, "created": "2015-03-15T22:17:01.690951", "project_id": 181, "task_id": 34237, "user_id": 433, "user_ip": null, "finish_time": "2015-03-15T22:17:01.690975", "timeout": null, "calibration": null, "external_uid": null, "media_url": null, "info": {"lat": "53.41291", "lon": "-8.243889999999965", "edge": "", "site": "Ireland[;]Exact site unknown.[;]Found in a bog.", "other": "", "width": "68; 22; (diameter of ring) 45", "length": "135", "patina": "", "weight": "445.29", "geojson": {"crs": {"type": "name", "properties": {"name": "urn:ogc:def:crs:OGC:1.3:CRS84"}}, "type": "Feature", "geometry": {"type": "Point", "coordinates": ["-8.243889999999965", "53.41291"]}, "properties": {}}, "gridRef": "", "remarks": "Found in a bog.", "surface": "Original", "toSearch": "Ireland", "thickness": "", "collection": "Exeter Museum (No. 321)[;]Presented by Mr. F. W. L. Ross", "objectType": "Crotal", "composition": "", "description": "Pellet inside which rattles when shaken.", "rightCorner": "", "associations": "", "publications": "", "dateDiscoveryDay": "None", "dateDiscoveryYear": "None", "dateDiscoveryMonth": "None"}}, {"id": 46916, "created": "2015-03-16T02:41:45.693630", "project_id": 181, "task_id": 34230, "user_id": 677, "user_ip": null, "finish_time": "2015-03-16T02:41:45.693656", "timeout": null, "calibration": null, "external_uid": null, "media_url": null, "info": {"lat": "53.2356871", "lon": "-7.712222900000029", "edge": "", "site": "Ireland, County Offaly, Dowris, Dowris Hoard, Found in a bag during the 1820s.", "other": "Sometimes the handwriting was difficult to decipher. I made my best possible judgement. Also some information appears to be missing.  ", "width": "", "length": "", "patina": "", "weight": "", "geojson": {"crs": {"type": "name", "properties": {"name": "urn:ogc:def:crs:OGC:1.3:CRS84"}}, "type": "Feature", "geometry": {"type": "Point", "coordinates": ["-7.712222900000029", "53.2356871"]}, "properties": {}}, "gridRef": "Offaly, Co. Offaly, Ireland", "remarks": "", "surface": "", "toSearch": "Offaly, Co. Offaly, Ireland", "thickness": "", "collection": "B.M. Collection 1854.0714.10\r\ny see catalogue entry\r\nPurchased from T.L. Cooke", "objectType": "Crotal", "composition": "Copper Alloy", "description": "Bronze Crotal: hollow cast spherical pendant, cast ring for suspension", "rightCorner": "", "associations": "Dowris Hoard", "publications": "See BM catalogue", "dateDiscoveryDay": "None", "dateDiscoveryYear": "None", "dateDiscoveryMonth": "None"}}, {"id": 46917, "created": "2015-03-16T02:48:51.786988", "project_id": 181, "task_id": 34231, "user_id": 677, "user_ip": null, "finish_time": "2015-03-16T02:48:51.787018", "timeout": null, "calibration": null, "external_uid": null, "media_url": null, "info": {"lat": "53.2356871", "lon": "-7.712222900000029", "edge": "", "site": "Ireland, County Offaly, Dowris, Dowris Hoard, Found in a bag in the 1820s", "other": "Sometimes the handwriting was difficult to decipher. I made my best possible judgement. Also some information appears to be missing.  ", "width": "", "length": "", "patina": "", "weight": "", "geojson": {"crs": {"type": "name", "properties": {"name": "urn:ogc:def:crs:OGC:1.3:CRS84"}}, "type": "Feature", "geometry": {"type": "Point", "coordinates": ["-7.712222900000029", "53.2356871"]}, "properties": {}}, "gridRef": "Offaly, Co. Offaly, Ireland", "remarks": "", "surface": "", "toSearch": "Offaly, Co. Offaly, Ireland", "thickness": "", "collection": "B.M. Collection 1854.0714.14\r\ny see catalogue entry\r\nPurchased from T.L. Coohe", "objectType": "Crotal", "composition": "Copper Alloy", "description": "Copper Alloy Crotal, incomplete", "rightCorner": "", "associations": "Dowris Hoard", "publications": "", "dateDiscoveryDay": "None", "dateDiscoveryYear": "None", "dateDiscoveryMonth": "None"}}, {"id": 46924, "created": "2015-03-16T09:31:52.519327", "project_id": 181, "task_id": 34232, "user_id": 896, "user_ip": null, "finish_time": "2015-03-16T09:31:52.519356", "timeout": null, "calibration": null, "external_uid": null, "media_url": null, "info": {"lat": "53.2356871", "lon": "-7.712222900000029", "edge": "", "site": "? Dowris Hoard", "other": "", "width": "", "length": "", "patina": "", "weight": "", "geojson": {"crs": {"type": "name", "properties": {"name": "urn:ogc:def:crs:OGC:1.3:CRS84"}}, "type": "Feature", "geometry": {"type": "Point", "coordinates": ["-7.712222900000029", "53.2356871"]}, "properties": {}}, "gridRef": "Ireland County Offaly", "remarks": "Grouped with other Index cards from Dowris Hoard, assumed to been of the Crotals in the BM's collection", "surface": "", "toSearch": "Offaly, Co. Offaly, Ireland", "thickness": "", "collection": "BM Collection - see catalogue entries", "objectType": "Crotal", "composition": "Copper Alloy", "description": "", "rightCorner": "", "associations": "Dowris Hoard?", "publications": "", "dateDiscoveryDay": "None", "dateDiscoveryYear": "None", "dateDiscoveryMonth": "None"}}, {"id": 46925, "created": "2015-03-16T09:34:40.418506", "project_id": 181, "task_id": 34233, "user_id": 896, "user_ip": null, "finish_time": "2015-03-16T09:34:40.418535", "timeout": null, "calibration": null, "external_uid": null, "media_url": null, "info": {"lat": "53.2356871", "lon": "-7.712222900000029", "edge": "", "site": "? Dowris Hoard", "other": "", "width": "", "length": "", "patina": "", "weight": "", "geojson": {"crs": {"type": "name", "properties": {"name": "urn:ogc:def:crs:OGC:1.3:CRS84"}}, "type": "Feature", "geometry": {"type": "Point", "coordinates": ["-7.712222900000029", "53.2356871"]}, "properties": {}}, "gridRef": "County Offaly", "remarks": "Grouped with other Index cards from the Dowris Hoard, assumed to be one of Crotal's in B/M.'s collection", "surface": "", "toSearch": "Co Offaly Ireland", "thickness": "", "collection": "B.M. Collection - see catalogue entries", "objectType": "Crotal", "composition": "Copper Alloy", "description": "", "rightCorner": "", "associations": "? Dowris Hoard", "publications": "", "dateDiscoveryDay": "None", "dateDiscoveryYear": "None", "dateDiscoveryMonth": "None"}}, {"id": 46926, "created": "2015-03-16T09:36:43.750245", "project_id": 181, "task_id": 34234, "user_id": 896, "user_ip": null, "finish_time": "2015-03-16T09:36:43.750270", "timeout": null, "calibration": null, "external_uid": null, "media_url": null, "info": {"lat": "53.2356871", "lon": "-7.712222900000029", "edge": "", "site": "? Dowris Hoard", "other": "", "width": "", "length": "", "patina": "", "weight": "", "geojson": {"crs": {"type": "name", "properties": {"name": "urn:ogc:def:crs:OGC:1.3:CRS84"}}, "type": "Feature", "geometry": {"type": "Point", "coordinates": ["-7.712222900000029", "53.2356871"]}, "properties": {}}, "gridRef": "", "remarks": "Grouped with other index cards from Dowris Hoard, assumed to be one of the Crotals in the B.M.'s collection", "surface": "", "toSearch": "Offaly, Co. Offaly, Ireland", "thickness": "", "collection": "B.M. Collection - see catalogue entries", "objectType": "Crotal", "composition": "Copper Alloy", "description": "", "rightCorner": "", "associations": "? Dowris Hoard", "publications": "", "dateDiscoveryDay": "None", "dateDiscoveryYear": "None", "dateDiscoveryMonth": "None"}}, {"id": 46927, "created": "2015-03-16T09:38:24.417230", "project_id": 181, "task_id": 34235, "user_id": 896, "user_ip": null, "finish_time": "2015-03-16T09:38:24.417255", "timeout": null, "calibration": null, "external_uid": null, "media_url": null, "info": {"lat": "53.2356871", "lon": "-7.712222900000029", "edge": "", "site": "Co Offally Ireland", "other": "", "width": "", "length": "", "patina": "", "weight": "", "geojson": {"crs": {"type": "name", "properties": {"name": "urn:ogc:def:crs:OGC:1.3:CRS84"}}, "type": "Feature", "geometry": {"type": "Point", "coordinates": ["-7.712222900000029", "53.2356871"]}, "properties": {}}, "gridRef": "", "remarks": "Grouped with other index cards from Dowris Hoard, assumed to be one of the Crotals in the B.M.'s Collection", "surface": "", "toSearch": "Offaly, Co. Offaly, Ireland", "thickness": "", "collection": "B.M.collection - see catalogue entries", "objectType": "Crotal", "composition": "Copper Allloy", "description": "", "rightCorner": "", "associations": "? Dowris Hoard", "publications": "", "dateDiscoveryDay": "None", "dateDiscoveryYear": "None", "dateDiscoveryMonth": "None"}}, {"id": 46928, "created": "2015-03-16T09:40:56.000563", "project_id": 181, "task_id": 34236, "user_id": 896, "user_ip": null, "finish_time": "2015-03-16T09:40:56.000586", "timeout": null, "calibration": null, "external_uid": null, "media_url": null, "info": {"lat": "53.2356871", "lon": "-7.712222900000029", "edge": "", "site": "Co Offally Ireland, Dowris Hoard", "other": "", "width": "", "length": "", "patina": "", "weight": "", "geojson": {"crs": {"type": "name", "properties": {"name": "urn:ogc:def:crs:OGC:1.3:CRS84"}}, "type": "Feature", "geometry": {"type": "Point", "coordinates": ["-7.712222900000029", "53.2356871"]}, "properties": {}}, "gridRef": "", "remarks": "Grouped with other index cards from the Dowris Hoard, assumed to be one of the Crotals in the B.M's collection", "surface": "", "toSearch": "Co Offally I", "thickness": "", "collection": "B.M. Collections - see catalogue entries", "objectType": "Crotal", "composition": "Copper Alloy", "description": "", "rightCorner": "", "associations": "Dowris Hoard?", "publications": "", "dateDiscoveryDay": "None", "dateDiscoveryYear": "None", "dateDiscoveryMonth": "None"}}, {"id": 46930, "created": "2015-03-16T09:45:44.262920", "project_id": 181, "task_id": 34237, "user_id": 896, "user_ip": null, "finish_time": "2015-03-16T09:45:44.262948", "timeout": null, "calibration": null, "external_uid": null, "media_url": null, "info": {"lat": "53.2356871", "lon": "-7.712222900000029", "edge": "22 (diameter of ring) 45", "site": "", "other": "", "width": "68", "length": "135", "patina": "Original", "weight": "445.29", "geojson": {"crs": {"type": "name", "properties": {"name": "urn:ogc:def:crs:OGC:1.3:CRS84"}}, "type": "Feature", "geometry": {"type": "Point", "coordinates": ["-7.712222900000029", "53.2356871"]}, "properties": {}}, "gridRef": "exact location unknown, found in a bog", "remarks": "Found in bog", "surface": "", "toSearch": "", "thickness": "", "collection": "Exeter Museum (No 321)\r\nPresented by Mr. F. W. L. Ross", "objectType": "Crotal", "composition": "Pellet inside that rattles when shared", "description": "", "rightCorner": "", "associations": "", "publications": "", "dateDiscoveryDay": "None", "dateDiscoveryYear": "None", "dateDiscoveryMonth": "None"}}]