[{"id": 14939, "created": "2014-08-29T14:58:46.916970", "project_id": 52, "task_id": 11040, "user_id": 64, "user_ip": null, "finish_time": "2014-08-29T14:58:46.916991", "timeout": null, "calibration": null, "external_uid": null, "media_url": null, "info": {"lat": "51.85277182785752", "lon": "-0.6166860263672334", "edge": "", "site": "BUCKINGHAMSHIRE[;]IVINGHOE[;]IVINGHOE ASTON[;]'SIX ACRES'[;]Circumstances: found July/Aug 1976 by Mr. Reynolds in topsoil removed to make the front drive of 'Six Acres' bungalow - adjacent to Beacon Farm;", "other": "Modern card, fields do not match data entry template.\r\n", "width": "", "length": "", "patina": "", "weight": "", "geojson": {"crs": {"type": "name", "properties": {"name": "urn:ogc:def:crs:OGC:1.3:CRS84"}}, "type": "Feature", "geometry": {"type": "Point", "coordinates": ["-0.6166860263672334", "51.85277182785752"]}, "properties": {}}, "gridRef": "SP 9535 1805", "remarks": "Metallurgy Analyst: Craddock - B.M. Res. Lab.[;]Sub. Inf. Mike Farley, Bucks Co. Mus. 20.10.78", "surface": "", "toSearch": "2 Ashbys Villas, Ivinghoe Aston, Leighton Buzzard, Buckinghamshire LU7 9DH, UK", "thickness": "", "collection": "REYNOLDS, Mr. - private[;]'Six Acres', Ivinghoe Aston, Bucks", "objectType": "PALSTAVE - CHISEL", "composition": "Cu 86, Pb 0.3, Su 12.4, Ag 0.025, Fe 0.04, Sb 0.005, Ni 0.18, As 0.2, Bi 0.01, Co 0.01, Au, Cd, Mr, Zn - nd.", "description": "", "rightCorner": "A3", "associations": "Context: 8. SINGLE", "publications": "Bibliog: Farley, 1978, 675 fig. 1 left", "dateDiscoveryDay": "None", "dateDiscoveryYear": "1976", "dateDiscoveryMonth": "None"}}, {"id": 14944, "created": "2014-08-29T15:04:48.396137", "project_id": 52, "task_id": 11041, "user_id": 64, "user_ip": null, "finish_time": "2014-08-29T15:04:48.396156", "timeout": null, "calibration": null, "external_uid": null, "media_url": null, "info": {"lat": "52.26946803252533", "lon": "0.3144065495605446", "edge": "", "site": "CAMBRIDGESHIRE,[;]Burwell Fen", "other": "", "width": "Butt 20, Blade 32", "length": "122", "patina": "black", "weight": "140", "geojson": {"crs": {"type": "name", "properties": {"name": "urn:ogc:def:crs:OGC:1.3:CRS84"}}, "type": "Feature", "geometry": {"type": "Point", "coordinates": ["0.3144065495605446", "52.26946803252533"]}, "properties": {}}, "gridRef": "TL 58 66", "remarks": "", "surface": "Rough. Incrusted.", "toSearch": "Reach Road, Cambridge, Cambridgeshire CB25 0GH, UK", "thickness": "19", "collection": "British Museum 65.4-18.3", "objectType": "Bronze Palstave Chicel[;]Axe-like", "composition": "Bronze", "description": "much corroded. butt, blade & one side much broken", "rightCorner": "A3", "associations": "", "publications": "", "dateDiscoveryDay": "None", "dateDiscoveryYear": "None", "dateDiscoveryMonth": "None"}}, {"id": 15017, "created": "2014-08-29T18:34:12.553536", "project_id": 52, "task_id": 11040, "user_id": 6, "user_ip": null, "finish_time": "2014-08-29T18:34:12.553557", "timeout": null, "calibration": null, "external_uid": null, "media_url": null, "info": {"lat": "51.8453859", "lon": "-0.6151554000000488", "edge": "", "site": "Buckinghamshire[;]Ivinghoe[;]Ivinghoe Aston[;]'Six Acres'", "other": "Context: '8. Single'\r\nRec.: '??. 26 Oct 78'\r\nSub.Inf.: Mike Farley, Bucks Co. Mus 20.10.78\r\nDF: S\r\nSI: tick\r\nCI: tick\r\nSource: Sb.1.\r\nMetallurgy: Craddock - B.M. Res.Lab.", "width": "", "length": "", "patina": "", "weight": "", "geojson": {"crs": {"type": "name", "properties": {"name": "urn:ogc:def:crs:OGC:1.3:CRS84"}}, "type": "Feature", "geometry": {"type": "Point", "coordinates": ["-0.6151554000000488", "51.8453859"]}, "properties": {}}, "gridRef": "SP95351805", "remarks": "Found July/August 1976 by Mr Reynolds in topsoil removed to make the front drive of 'Six Acres' bungalow - adjacent to Beacon Farm;", "surface": "", "toSearch": "Ivinghoe, Buckinghamshire, UK", "thickness": "", "collection": "Reynolds, Mr. ~private[;]'Six Acres',Ivinghoe Aston. Bucks", "objectType": "Palstave-Chisel", "composition": "Cu 86, Pb 0.3, Sn 12.4, Ag 0.025, Fe 0.04, Sb 0.005, Ni 0.18, AS 0.2, Bi 0.01, Co. 0.01, Au , Cd, Mr, Zn - nd.", "description": "", "rightCorner": "A3", "associations": "", "publications": "Farley, 1978, 675 fig.1 left", "dateDiscoveryDay": "None", "dateDiscoveryYear": "1976", "dateDiscoveryMonth": "8"}}, {"id": 15089, "created": "2014-08-30T07:45:42.869242", "project_id": 52, "task_id": 11041, "user_id": 528, "user_ip": null, "finish_time": "2014-08-30T07:45:42.869264", "timeout": null, "calibration": null, "external_uid": null, "media_url": null, "info": {"lat": "", "lon": "", "edge": "", "site": "Cambridgeshire,, Burwell Fen", "other": "", "width": "Butt 20 ; blade 32", "length": "122", "patina": "Black", "weight": "140", "gridRef": "TL58 66", "remarks": "", "surface": "Rough, incrusted", "toSearch": "burwell cambridge", "thickness": "19", "collection": "British Museum 65 4-18 8", "objectType": "Bronze Palstave Chisel Axe-like", "composition": "", "description": "Much corroded, butt, blade and one side much broken", "rightCorner": "A3", "associations": "", "publications": "", "dateDiscoveryDay": "None", "dateDiscoveryYear": "None", "dateDiscoveryMonth": "None"}}, {"id": 15090, "created": "2014-08-30T07:53:06.792217", "project_id": 52, "task_id": 11042, "user_id": 528, "user_ip": null, "finish_time": "2014-08-30T07:53:06.792239", "timeout": null, "calibration": null, "external_uid": null, "media_url": null, "info": {"lat": "", "lon": "", "edge": "", "site": "England, Cambridge, Burwell, Burwell Fen", "other": "", "width": "edge 34, centre 19, butt 18", "length": "144", "patina": "Iron brown", "weight": "172.480", "gridRef": "", "remarks": "", "surface": "", "toSearch": "burwell cambridge", "thickness": "centre 7.20", "collection": "Ashmolean Museum, Oxford, Evans Collection, 1927.2381", "objectType": "Palsave Chisel axe-like", "composition": "", "description": "Shield on faces.  Slight transverse ridge on sides well below stop ridge.  The flanges at the sides of the recess have some notches running diagonally into them so as to form a kind of barb, such as would prevent the blade from being drawn away from the handle when bound to it by a cord.  (Evans, p. 83)\r\n[In pencil] These are omitted in drawing made for this index.", "rightCorner": "A3", "associations": "", "publications": "Evans, Anc. Br. Imps. p. 83, fig. 67", "dateDiscoveryDay": "None", "dateDiscoveryYear": "1871", "dateDiscoveryMonth": "None"}}, {"id": 15091, "created": "2014-08-30T07:58:48.567037", "project_id": 52, "task_id": 11043, "user_id": 528, "user_ip": null, "finish_time": "2014-08-30T07:58:48.567059", "timeout": null, "calibration": null, "external_uid": null, "media_url": null, "info": {"lat": "52.205337", "lon": "0.12181699999996454", "edge": "", "site": "England, Cambridgeshire, Cambridge Fens", "other": "Georeferenced to Cambridge", "width": "Edge 32, middle 20, butt 19", "length": "137", "patina": "", "weight": "168", "geojson": {"crs": {"type": "name", "properties": {"name": "urn:ogc:def:crs:OGC:1.3:CRS84"}}, "type": "Feature", "geometry": {"type": "Point", "coordinates": ["0.12181699999996454", "52.205337"]}, "properties": {}}, "gridRef": "", "remarks": "", "surface": "Very rough and corroded, a few patches not corroded, shows bright golden yellow, otherwise dark green, dark brown", "toSearch": "Cambridge, Cambridge, UK", "thickness": "17 ; 6", "collection": "Museum of Archaeology, Cambridge", "objectType": "Palstave chisel Axe like", "composition": "", "description": "A very narrow palstave with semi-elliptical ornament below the stop ridge.  ", "rightCorner": "A3", "associations": "", "publications": "Mentioned by Evans, ?page 83", "dateDiscoveryDay": "None", "dateDiscoveryYear": "None", "dateDiscoveryMonth": "None"}}, {"id": 15092, "created": "2014-08-30T08:03:21.901347", "project_id": 52, "task_id": 11044, "user_id": 528, "user_ip": null, "finish_time": "2014-08-30T08:03:21.901368", "timeout": null, "calibration": null, "external_uid": null, "media_url": null, "info": {"lat": "52.205337", "lon": "0.12181699999996454", "edge": "", "site": "England, Cambridge, Quy Fen", "other": "", "width": "Butt 22 ; blade 31", "length": "102", "patina": "Brown", "weight": "112", "geojson": {"crs": {"type": "name", "properties": {"name": "urn:ogc:def:crs:OGC:1.3:CRS84"}}, "type": "Feature", "geometry": {"type": "Point", "coordinates": ["0.12181699999996454", "52.205337"]}, "properties": {}}, "gridRef": "", "remarks": "", "surface": "Broken and corroded", "toSearch": "quy ", "thickness": "14", "collection": "British Museum WG 1982", "objectType": "Bronze Palatave Chisel", "composition": "Bronze", "description": "Broken in half. Slight stop ridges.  Broad side flanges.  Loop rib below stop ridges.  Marks of casting", "rightCorner": "A3 \r\nIV 3 G", "associations": "", "publications": "", "dateDiscoveryDay": "None", "dateDiscoveryYear": "None", "dateDiscoveryMonth": "None"}}, {"id": 15093, "created": "2014-08-30T08:22:44.304202", "project_id": 52, "task_id": 11045, "user_id": 528, "user_ip": null, "finish_time": "2014-08-30T08:22:44.304223", "timeout": null, "calibration": null, "external_uid": null, "media_url": null, "info": {"lat": "52.205337", "lon": "0.12181699999996454", "edge": "", "site": "Greater London, River Thames, Kingston", "other": "", "width": "We 31.5 ; Wbt 19.0, Max B. fg., 19.5; min B. st. 14.5", "length": "120.7", "patina": "Dark chocolate brown p.; v. little speckling to darker colour; some yellow to orange staining.", "weight": "", "geojson": {"crs": {"type": "name", "properties": {"name": "urn:ogc:def:crs:OGC:1.3:CRS84"}}, "type": "Feature", "geometry": {"type": "Point", "coordinates": ["0.12181699999996454", "52.205337"]}, "properties": {}}, "gridRef": "c. TQ 17 68", "remarks": "Labels/Marking: white ink inscr. 'B.18' ; loose hand-printed label; loose tag label - Roots orig.", "surface": "Attached material v. small specks of concretion", "toSearch": "kingston upo", "thickness": "Max T sep. 3.7", "collection": "Soceity of Antiquaries Collection B 18\r\n(Presented 1860 by Sudlow Roots, Esq., from the collection of his father, William Roots - no. 6", "objectType": "Palstave Chisel", "composition": "", "description": "Butt notch prob. orig. feature; arched shoulder on one side of bl./fg.junction - just hump on other side; stops dip from flanges - asym. and irreg. ; flattened fg. bases provide beginning of \"V\" enclosed depression on one face - virt. none on rev.; fairly crisp sep. angles; thin rounded/flattened fg. crests; fgs. skew to body e.g. fls. remains as cracks - one v. off central; deliberately dimpled bl. tips; some prob. hmks on sides; moulding irregularities on one sep. - prob. e.g. flaw; v. sl. flattening of top of fgs. - tending to tipping; 'hollow ground' e. bev. with suggestion of lesser bevel above; sl. bent and twisted along line of body - pres. dam.; edge intact and sharp.", "rightCorner": "A3", "associations": "7b Group", "publications": "a) PSA, I, 1843-9, 21\r\nb) Arc. XXX, 1844, 491\r\nc) PSA 2, I, 1859-61, no. 6", "dateDiscoveryDay": "None", "dateDiscoveryYear": "None", "dateDiscoveryMonth": "None"}}, {"id": 15094, "created": "2014-08-30T08:30:42.938153", "project_id": 52, "task_id": 11046, "user_id": 528, "user_ip": null, "finish_time": "2014-08-30T08:30:42.938174", "timeout": null, "calibration": null, "external_uid": null, "media_url": null, "info": {"lat": "52.205337", "lon": "0.12181699999996454", "edge": "", "site": "England, Greater London, Kingston, Several feet under gravel and resting nearly 2 feet in blue clay", "other": "", "width": "Edge 31, centre 21.5, butt 19", "length": "121", "patina": "Very slight patina, rust colour inside sockets and remains of whitish earth ", "weight": "155.92", "geojson": {"crs": {"type": "name", "properties": {"name": "urn:ogc:def:crs:OGC:1.3:CRS84"}}, "type": "Feature", "geometry": {"type": "Point", "coordinates": ["0.12181699999996454", "52.205337"]}, "properties": {}}, "gridRef": "", "remarks": "", "surface": "Smooth dark brown bronze colour", "toSearch": "kingston upon", "thickness": "19.5; 3.5", "collection": "Society of Antiquaries, Burlington House, W. Dr. Roots Collection, No. 6", "objectType": "Palstave Chisel Axe-like", "composition": "", "description": "Well preserved and a sharp edge", "rightCorner": "None", "associations": "Close to spot where other implements were found", "publications": "", "dateDiscoveryDay": "None", "dateDiscoveryYear": "None", "dateDiscoveryMonth": "None"}}, {"id": 15095, "created": "2014-08-30T08:43:46.171348", "project_id": 52, "task_id": 11047, "user_id": 528, "user_ip": null, "finish_time": "2014-08-30T08:43:46.171369", "timeout": null, "calibration": null, "external_uid": null, "media_url": null, "info": {"lat": "52.205337", "lon": "0.12181699999996454", "edge": "", "site": "England, Huntingdonshire, Ramsey Fen, ", "other": "Georeference does not bring up either Ramsey or Ramsey in Huntingdon, Cambridgeshire.  I have therefore georeferenced Peterborough, the nearest large town, which it does show", "width": "Edge 17.5 ; middle 20.5, butt 18", "length": "168", "patina": "", "weight": "212.61", "geojson": {"crs": {"type": "name", "properties": {"name": "urn:ogc:def:crs:OGC:1.3:CRS84"}}, "type": "Feature", "geometry": {"type": "Point", "coordinates": ["0.12181699999996454", "52.205337"]}, "properties": {}}, "gridRef": "", "remarks": "", "surface": "Rough dark green and light brass in patches", "toSearch": "peterborough", "thickness": "15.5 ; 3 ; 18", "collection": "Wisbech Museum", "objectType": "Palstave Chisel", "composition": "", "description": "", "rightCorner": "A3", "associations": "", "publications": "", "dateDiscoveryDay": "None", "dateDiscoveryYear": "None", "dateDiscoveryMonth": "None"}}, {"id": 15096, "created": "2014-08-30T08:49:21.815020", "project_id": 52, "task_id": 11048, "user_id": 528, "user_ip": null, "finish_time": "2014-08-30T08:49:21.815042", "timeout": null, "calibration": null, "external_uid": null, "media_url": null, "info": {"lat": "53.91301499999999", "lon": "-2.1869179999999915", "edge": "", "site": "Lancashire , (Yorkshire West Riding), Barnoldswick, Causeway Carr", "other": "", "width": "", "length": "", "patina": "", "weight": "", "geojson": {"crs": {"type": "name", "properties": {"name": "urn:ogc:def:crs:OGC:1.3:CRS84"}}, "type": "Feature", "geometry": {"type": "Point", "coordinates": ["-2.1869179999999915", "53.91301499999999"]}, "properties": {}}, "gridRef": "SD 8721 4605", "remarks": "Found Jan. 1980 in a field known as Causeway Carr by Mr. Hirst, 3, Sackville Street, Barnoldswick, just below the surface of the field, using a metal detector (DF)", "surface": "", "toSearch": "Barnoldswick, Barnoldswick, Lancashire BB18, UK", "thickness": "", "collection": "Skipton, The Craven Museum", "objectType": "Flanged Chisel", "composition": "", "description": "", "rightCorner": "A3", "associations": "8a Single Find", "publications": "", "dateDiscoveryDay": "None", "dateDiscoveryYear": "None", "dateDiscoveryMonth": "None"}}, {"id": 15097, "created": "2014-08-30T08:52:53.644771", "project_id": 52, "task_id": 11049, "user_id": 528, "user_ip": null, "finish_time": "2014-08-30T08:52:53.644791", "timeout": null, "calibration": null, "external_uid": null, "media_url": null, "info": {"lat": "52.75649", "lon": "0.40017390000002706", "edge": "", "site": "Norfolk, Barton Bendish, ", "other": "", "width": "31", "length": "105", "patina": "", "weight": "", "geojson": {"crs": {"type": "name", "properties": {"name": "urn:ogc:def:crs:OGC:1.3:CRS84"}}, "type": "Feature", "geometry": {"type": "Point", "coordinates": ["0.40017390000002706", "52.75649"]}, "properties": {}}, "gridRef": "", "remarks": "", "surface": "Hammering extensive on two sides as far down as the incurve", "toSearch": "barton bendish norfo", "thickness": "", "collection": "London, British Museum 52. 4-3. 5", "objectType": "Haft flanged chisel", "composition": "", "description": "", "rightCorner": "A3", "associations": "", "publications": "", "dateDiscoveryDay": "None", "dateDiscoveryYear": "None", "dateDiscoveryMonth": "None"}}, {"id": 15098, "created": "2014-08-30T08:56:27.479918", "project_id": 52, "task_id": 11050, "user_id": 528, "user_ip": null, "finish_time": "2014-08-30T08:56:27.479939", "timeout": null, "calibration": null, "external_uid": null, "media_url": null, "info": {"lat": "51.7544924727255", "lon": "-1.247775318749973", "edge": "", "site": "England, Oxford, Dorchester, near", "other": "", "width": "Edge 24, centre 21, butt 19", "length": "129", "patina": "Light brown green", "weight": "156.85", "geojson": {"crs": {"type": "name", "properties": {"name": "urn:ogc:def:crs:OGC:1.3:CRS84"}}, "type": "Feature", "geometry": {"type": "Point", "coordinates": ["-1.247775318749973", "51.7544924727255"]}, "properties": {}}, "gridRef": "", "remarks": "", "surface": "", "toSearch": "21 Longwall Street, University of Oxford, Oxford, Oxfordshire OX1 3SX, UK", "thickness": "Centre 7 ; 19", "collection": "Ashmolean Museum, Oxford, Evans Collection, 1927.2687", "objectType": "Palstave of chisel-like form", "composition": "", "description": "Narrow chisel-like form", "rightCorner": "A3", "associations": "", "publications": "Evans, Anc. Br. Imps. pps. 83-4", "dateDiscoveryDay": "None", "dateDiscoveryYear": "1873", "dateDiscoveryMonth": "None"}}, {"id": 15099, "created": "2014-08-30T09:00:55.254249", "project_id": 52, "task_id": 11051, "user_id": 528, "user_ip": null, "finish_time": "2014-08-30T09:00:55.254267", "timeout": null, "calibration": null, "external_uid": null, "media_url": null, "info": {"lat": "51.74088863881228", "lon": "-1.247775318749973", "edge": "", "site": "River Thames", "other": "Object could not be Georeferenced due to unkown find site", "width": "22", "length": "94", "patina": "", "weight": "", "geojson": {"crs": {"type": "name", "properties": {"name": "urn:ogc:def:crs:OGC:1.3:CRS84"}}, "type": "Feature", "geometry": {"type": "Point", "coordinates": ["-1.247775318749973", "51.74088863881228"]}, "properties": {}}, "gridRef": "", "remarks": "MJR redraw", "surface": "", "toSearch": "river thames", "thickness": "", "collection": "London Museum O.1186", "objectType": "Palstave (chisel?)", "composition": "", "description": "Faint pointed shield design below stop", "rightCorner": "A3", "associations": "", "publications": "", "dateDiscoveryDay": "None", "dateDiscoveryYear": "None", "dateDiscoveryMonth": "None"}}, {"id": 15100, "created": "2014-08-30T09:15:02.078492", "project_id": 52, "task_id": 11052, "user_id": 528, "user_ip": null, "finish_time": "2014-08-30T09:15:02.078511", "timeout": null, "calibration": null, "external_uid": null, "media_url": null, "info": {"lat": "52.00542496440845", "lon": "1.619656321875027", "edge": "", "site": "England, Suffolk, Felixstowe", "other": "", "width": "edge 27, middle 20, butt 19", "length": "138", "patina": "Greenish", "weight": "176", "geojson": {"crs": {"type": "name", "properties": {"name": "urn:ogc:def:crs:OGC:1.3:CRS84"}}, "type": "Feature", "geometry": {"type": "Point", "coordinates": ["1.619656321875027", "52.00542496440845"]}, "properties": {}}, "gridRef": "", "remarks": "", "surface": "", "toSearch": "felixstowe", "thickness": "6 ; 18", "collection": "[crossed out] Norwich Castle Museum\r\nFitch Collection, 757.76.94\r\nCatalogue of Antiquities no. 240\r\nTransferred to Ipswich Museum, Oct. 1962\r\nCat. No. preserved", "objectType": "Palstave Chisel Axe-Like", "composition": "", "description": "Semi-elliptical ornament below stop ridge", "rightCorner": "", "associations": "", "publications": "", "dateDiscoveryDay": "None", "dateDiscoveryYear": "None", "dateDiscoveryMonth": "None"}}, {"id": 15101, "created": "2014-08-30T09:18:15.140159", "project_id": 52, "task_id": 11053, "user_id": 528, "user_ip": null, "finish_time": "2014-08-30T09:18:15.140177", "timeout": null, "calibration": null, "external_uid": null, "media_url": null, "info": {"lat": "51.934356704924674", "lon": "1.471340892187527", "edge": "", "site": "Locality unknown", "other": "", "width": "edge 19; middle 14; butt 12", "length": "74", "patina": "Dull green", "weight": "42.535", "geojson": {"crs": {"type": "name", "properties": {"name": "urn:ogc:def:crs:OGC:1.3:CRS84"}}, "type": "Feature", "geometry": {"type": "Point", "coordinates": ["1.471340892187527", "51.934356704924674"]}, "properties": {}}, "gridRef": "", "remarks": "", "surface": "Corroded in places", "toSearch": "england", "thickness": "5; 13", "collection": "Municipal Museum, Hull", "objectType": "Flanged Chisel Winged Celt", "composition": "", "description": "Edge sharp but damaged", "rightCorner": "A3", "associations": "", "publications": "", "dateDiscoveryDay": "None", "dateDiscoveryYear": "None", "dateDiscoveryMonth": "None"}}, {"id": 15102, "created": "2014-08-30T09:21:22.484561", "project_id": 52, "task_id": 11054, "user_id": 528, "user_ip": null, "finish_time": "2014-08-30T09:21:22.484582", "timeout": null, "calibration": null, "external_uid": null, "media_url": null, "info": {"lat": "51.934356704924674", "lon": "1.471340892187527", "edge": "", "site": "?England", "other": "", "width": "blade 22", "length": "103", "patina": "Green and brown", "weight": "", "geojson": {"crs": {"type": "name", "properties": {"name": "urn:ogc:def:crs:OGC:1.3:CRS84"}}, "type": "Feature", "geometry": {"type": "Point", "coordinates": ["1.471340892187527", "51.934356704924674"]}, "properties": {}}, "gridRef": "", "remarks": "10 in white paint on blade", "surface": "Rough and corroded", "toSearch": "england UK", "thickness": "20", "collection": "Collection of Dr. A. Ralph, sold at Sotheby's June 9, 1936", "objectType": "Palstave Chisel", "composition": "", "description": "Very bad condition; irregular casting. Triangular depression below stop ridge on each face. Edge quite blunt", "rightCorner": "A3", "associations": "", "publications": "", "dateDiscoveryDay": "None", "dateDiscoveryYear": "None", "dateDiscoveryMonth": "None"}}, {"id": 15103, "created": "2014-08-30T09:29:37.676497", "project_id": 52, "task_id": 11055, "user_id": 528, "user_ip": null, "finish_time": "2014-08-30T09:29:37.676519", "timeout": null, "calibration": null, "external_uid": null, "media_url": null, "info": {"lat": "51.934356704924674", "lon": "1.471340892187527", "edge": "edge 20 ; middle 21 ; butt 14", "site": "England, Wiltshire, Bulford (near), Beacon Hill", "other": "Georeference pointer unable to show Bulford Wiltshire", "width": "", "length": "80", "patina": "Dark green", "weight": "", "geojson": {"crs": {"type": "name", "properties": {"name": "urn:ogc:def:crs:OGC:1.3:CRS84"}}, "type": "Feature", "geometry": {"type": "Point", "coordinates": ["1.471340892187527", "51.934356704924674"]}, "properties": {}}, "gridRef": "", "remarks": "", "surface": "", "toSearch": "bulford wiltshire", "thickness": "", "collection": "Salisbury, S. Wilts and Blackmore Museum, Salisbury\r\nGoddard [?collection] 112", "objectType": "Flanged Chisel", "composition": "", "description": "", "rightCorner": "A3", "associations": "", "publications": "", "dateDiscoveryDay": "None", "dateDiscoveryYear": "1878", "dateDiscoveryMonth": "None"}}, {"id": 15104, "created": "2014-08-30T09:36:05.867287", "project_id": 52, "task_id": 11056, "user_id": 528, "user_ip": null, "finish_time": "2014-08-30T09:36:05.867308", "timeout": null, "calibration": null, "external_uid": null, "media_url": null, "info": {"lat": "51.934356704924674", "lon": "1.471340892187527", "edge": "", "site": "England, Sussex, Bignor, Westburton Hill", "other": "Georeference pointer does not work for find site.  \r\nSignature on card J. Beck", "width": "Butt 16; blade 28", "length": "158", "patina": "Yellow", "weight": "186", "geojson": {"crs": {"type": "name", "properties": {"name": "urn:ogc:def:crs:OGC:1.3:CRS84"}}, "type": "Feature", "geometry": {"type": "Point", "coordinates": ["1.471340892187527", "51.934356704924674"]}, "properties": {}}, "gridRef": "", "remarks": "Perhaps influenced by narrow type of Nordic Palstave.\r\nNew drawing available", "surface": "Slightly pitted", "toSearch": "bignor s", "thickness": "20", "collection": "British Museum 83.8-2. 10", "objectType": "Bronze Palatave Chisel Axe-Like", "composition": "Bronze", "description": "Surface worn, 'V' shape indentation with centre rib below stop ridge, slight vertical rib on butt", "rightCorner": "A3", "associations": "", "publications": "Proc. Soc. Antiq. 2nd series,Vol. IV p. 442", "dateDiscoveryDay": "None", "dateDiscoveryYear": "1846", "dateDiscoveryMonth": "None"}}, {"id": 15105, "created": "2014-08-30T09:41:53.324537", "project_id": 52, "task_id": 11057, "user_id": 528, "user_ip": null, "finish_time": "2014-08-30T09:41:53.324560", "timeout": null, "calibration": null, "external_uid": null, "media_url": null, "info": {"lat": "51.934356704924674", "lon": "1.471340892187527", "edge": "", "site": "England, Sussex, Pyecombe, Wolstonbury Hill, ", "other": "Georeference pointer unable to show Pyecombe, Sussex, or Wolstonbury Hill", "width": "", "length": "", "patina": "Dull green", "weight": "", "geojson": {"crs": {"type": "name", "properties": {"name": "urn:ogc:def:crs:OGC:1.3:CRS84"}}, "type": "Feature", "geometry": {"type": "Point", "coordinates": ["1.471340892187527", "51.934356704924674"]}, "properties": {}}, "gridRef": "", "remarks": "", "surface": "", "toSearch": "pyecombe, suss", "thickness": "", "collection": "Lewes Museum\r\nPresented to Sussex Arch. Soc. 1929\r\n(From Weekes Collection, c. 1840)", "objectType": "Palstave Chisel Axe Like", "composition": "", "description": "", "rightCorner": "A3", "associations": "", "publications": "Evans, Anc. Br. Imps, p. 84\r\nProc. Soc. Antiq. XXXI, 116, fig. 7 centre\r\nSussex Arch. Coll. VIII, 284/4", "dateDiscoveryDay": "None", "dateDiscoveryYear": "None", "dateDiscoveryMonth": "None"}}, {"id": 15107, "created": "2014-08-30T09:47:43.785739", "project_id": 52, "task_id": 11058, "user_id": 528, "user_ip": null, "finish_time": "2014-08-30T09:47:43.785760", "timeout": null, "calibration": null, "external_uid": null, "media_url": null, "info": {"lat": "51.934356704924674", "lon": "1.471340892187527", "edge": "", "site": "Berkshire, Clewer Without, St. Leonard's Hill, (Locality unknown)", "other": "Georeference pointer unable to show find site", "width": "edge 22; middle 17; butt 15", "length": "138", "patina": "Brown", "weight": "139.65", "geojson": {"crs": {"type": "name", "properties": {"name": "urn:ogc:def:crs:OGC:1.3:CRS84"}}, "type": "Feature", "geometry": {"type": "Point", "coordinates": ["1.471340892187527", "51.934356704924674"]}, "properties": {}}, "gridRef": "c. SU 93 75", "remarks": "", "surface": "Rather flaked especially towards  edge", "toSearch": "clewer without berkshire", "thickness": "5 ; 18", "collection": "British Museum, no number\r\n(missing 1980)\r\nPresumably Sloane Collection as other St. Leonard's Hill, 'Windsor' bronzes", "objectType": "Palstave - chisel", "composition": "", "description": "Shield decoration below stop", "rightCorner": "A3", "associations": "1a. Hoard", "publications": "Soc. of Ants., MS 265, f. 12\r\nStukeley 1776, 96.2d\r\nPossibly Du Noyer, 1847, 4, fig. D\r\nLort 1979, pl, VIII, no. 3", "dateDiscoveryDay": "None", "dateDiscoveryYear": "None", "dateDiscoveryMonth": "None"}}, {"id": 15108, "created": "2014-08-30T09:50:27.237914", "project_id": 52, "task_id": 11059, "user_id": 528, "user_ip": null, "finish_time": "2014-08-30T09:50:27.237933", "timeout": null, "calibration": null, "external_uid": null, "media_url": null, "info": {"lat": "51.631910432655985", "lon": "-0.7588837171874729", "edge": "", "site": "Bucks, Between High Wycombe and West Wycombe", "other": "", "width": "", "length": "", "patina": "", "weight": "", "geojson": {"crs": {"type": "name", "properties": {"name": "urn:ogc:def:crs:OGC:1.3:CRS84"}}, "type": "Feature", "geometry": {"type": "Point", "coordinates": ["-0.7588837171874729", "51.631910432655985"]}, "properties": {}}, "gridRef": "c. SU 8546 9394", "remarks": "See new index", "surface": "Corroded", "toSearch": "Brook Street, High Wycombe, Buckinghamshire HP11, UK", "thickness": "", "collection": "Aylesbury, Bucks. Co. Museum, 86.24", "objectType": "Palstave chisel", "composition": "", "description": "", "rightCorner": "A3", "associations": "", "publications": "Farley, 1978, 675-6, fig. 1 right", "dateDiscoveryDay": "None", "dateDiscoveryYear": "None", "dateDiscoveryMonth": "None"}}, {"id": 15440, "created": "2014-08-31T09:30:04.185714", "project_id": 52, "task_id": 11042, "user_id": 543, "user_ip": null, "finish_time": "2014-08-31T09:30:04.185736", "timeout": null, "calibration": null, "external_uid": null, "media_url": null, "info": {"lat": "", "lon": "", "edge": "34", "site": "England[;]Cambs.[;]Burwell[;]Burwell Fen[;]1871", "other": "Georef not working for me. Publications - full title is \"The Ancient Stone Implements, Weapons and Ornaments of Great Britain (1872)\".", "width": "centre 19[;] butt 18", "length": "144", "patina": "Iron brown", "weight": "172.48", "gridRef": "", "remarks": "", "surface": "", "toSearch": "", "thickness": "centre 7-20", "collection": "Ashmolean Museum, Oxford.[;]Evans Coll\u2019n 1927-2381", "objectType": "Palstave Chisel[;]Axe-like", "composition": "", "description": "Shield on faces. Slight transverse ridge on sides well below stop-ridge. \"The flanges at the sides of the recess have some notches running diagonally into them, so as to form a kind of barb such as would prevent the blade from being drawn away from the handle when bound to it by a cord.\" (Evans, p83). These are omitted from drawing made for this index", "rightCorner": "A3", "associations": "", "publications": "Evans, Anc. Br. Imps., p.83, fig. 67.", "dateDiscoveryDay": "None", "dateDiscoveryYear": "1871", "dateDiscoveryMonth": "None"}}, {"id": 15444, "created": "2014-08-31T09:38:29.760330", "project_id": 52, "task_id": 11043, "user_id": 543, "user_ip": null, "finish_time": "2014-08-31T09:38:29.760349", "timeout": null, "calibration": null, "external_uid": null, "media_url": null, "info": {"lat": "", "lon": "", "edge": "32", "site": "England[;]Cambridgeshire[;]Cambridge Fens", "other": "Georef not working for me. Publications - previous cards referred to a specific work by Evans, also p.83 I think - the full title was \"The Ancient Stone Implements, Weapons and Ornaments of Great Britain (1872)\". ", "width": "middle 20[;]butt 19", "length": "137", "patina": "", "weight": "168", "gridRef": "", "remarks": "", "surface": "very rough & corroded, a few patches not corroded show bright golden yellow, otherwise dark green, dark brown.", "toSearch": "", "thickness": "17[;]6", "collection": "Museum of Archaeology, Cambridge", "objectType": "Palstave Chisel[;]Axe-like", "composition": "", "description": "A very narrow palstave with semi-elliptical ornament below the stop ridge", "rightCorner": "A3", "associations": "", "publications": "Mentioned by Evans ? page 83", "dateDiscoveryDay": "None", "dateDiscoveryYear": "None", "dateDiscoveryMonth": "None"}}, {"id": 15446, "created": "2014-08-31T09:53:02.787902", "project_id": 52, "task_id": 11044, "user_id": 543, "user_ip": null, "finish_time": "2014-08-31T09:53:02.787925", "timeout": null, "calibration": null, "external_uid": null, "media_url": null, "info": {"lat": "", "lon": "", "edge": "31", "site": "England[;]Cambridgeshire];]Quy Fen", "other": "Georef - not working for me. Collection: Can\u2019t format this as per the card. Description - not certain it says \"broad\" side flanges. Says \"C1\" at bottom right", "width": "butt 22", "length": "102", "patina": "brown", "weight": "112", "gridRef": "", "remarks": "", "surface": "broken and corroded", "toSearch": "", "thickness": "14", "collection": "British Museum, W.G. 1882", "objectType": "Bronze Palstave Chisel", "composition": "Bronze", "description": "Broken in half, slight stop ridges, broad side flanges.  loop rib below stop ridges. marks of casting", "rightCorner": "A3[;]IV3G", "associations": "", "publications": "", "dateDiscoveryDay": "None", "dateDiscoveryYear": "None", "dateDiscoveryMonth": "None"}}, {"id": 15469, "created": "2014-08-31T11:19:47.737766", "project_id": 52, "task_id": 11045, "user_id": 543, "user_ip": null, "finish_time": "2014-08-31T11:19:47.737784", "timeout": null, "calibration": null, "external_uid": null, "media_url": null, "info": {"lat": "", "lon": "", "edge": "31.5", "site": "England[;]Greater London[;]River Thames[;]Kingston", "other": "Top left corner (in box labelled NGR) says \u201cc. TQ 17\u201d and on the next line, \u201c 68\u201d (aligned under the \u201c17\u201d). Is this a grid ref?  Bottom right of card: Rec. \u201cSN Feb\u201979\u201d; DF \u201cc\u201d; Source \u201cMV\u201d; old cards \u201c1\u201d and ticks in boxes labelled PIF, AFI, SI & CI", "width": "butt 19", "length": "120.7", "patina": "dark chocolate brown;  v. little speckling to darker colour; some yellow to orange staining", "weight": "", "gridRef": "", "remarks": "Labels/Markings: white ink inscr: 'B18'; loose hand-printed label;loose tag label - roots orig.", "surface": "attached material: v. small spots of concretion", "toSearch": "", "thickness": "max. B. fg. 19.5[;]max. T sep. 3.7[;]min. B. st. 14.5", "collection": "Society of Antiquities Collection, B.18[;]presented 1860 by Sudlow Roots, esq. from the collection of his father William Roots - no.6", "objectType": "PALSTAVE-CHISEL", "composition": "", "description": "Typology\" butt notch prob. orig. feature;arched shoulder on one side of bl/fg. =  just hump on other side; stops dip from flanges - asym. & irreg.; flattened Fg. bases provide beginning of\"v\" enclosed depression on one face - virt. none on rev.; fairly crisp sep. angles, thin rounded/flattened fg. crests; fgs. skew to body[;]Manufacture: cg. fls. remain as cracks - one v. off central; Deliberately dimpled bl. tips; some prob. hmks. on sides; moulding irregularities in one sep. - prob. cg.flaw; v. sl. flattening of top of fgs. - tending to tipping; hollow ground e. bev. with suggestion of lesser bevel above[;]Condition: sl. bent & twisted along line of body - pres. dam.; edge intact & sharp", "rightCorner": "A3[;]A3", "associations": "7b Group", "publications": "a) P.S.A.1 I, 1843-9, 21[;]Arch XXX, 1844, 491[;]c)P.S.A.2 I, 1859-61, 83 no. 6", "dateDiscoveryDay": "None", "dateDiscoveryYear": "None", "dateDiscoveryMonth": "None"}}, {"id": 15639, "created": "2014-08-31T17:00:16.866264", "project_id": 52, "task_id": 11046, "user_id": 433, "user_ip": null, "finish_time": "2014-08-31T17:00:16.866289", "timeout": null, "calibration": null, "external_uid": null, "media_url": null, "info": {"lat": "51.41233", "lon": "-0.30068900000003396", "edge": "31", "site": "England[;]Greater London[;]Kingston[;]several feet under gravel + resting nearly 2 ft in blue clay.", "other": "Width: edge 31mm; centre 21.5mm; butt 19mm[;]Thickness: 19.5mm; 3.5mm[;]Weight: 155.92 gms", "width": "22", "length": "121", "patina": "Very slt patina, rust colour inside sockets + remains of whitish earth.", "weight": "156", "geojson": {"crs": {"type": "name", "properties": {"name": "urn:ogc:def:crs:OGC:1.3:CRS84"}}, "type": "Feature", "geometry": {"type": "Point", "coordinates": ["-0.30068900000003396", "51.41233"]}, "properties": {}}, "gridRef": "", "remarks": "Width: edge 31mm; centre 21.5mm; butt 19mm[;]Thickness: 19.5mm; 3.5mm[;]Weight: 155.92 gms", "surface": "Smooth dark brown bronze colour", "toSearch": "Kingston upon Thames, Greater London, UK", "thickness": "20", "collection": "Society of antiquaries[;](No. 6)[;]Burlington House W.[;]Dr. Roots Collection", "objectType": "Palstave Chisel Axe-Like", "composition": "", "description": "Well preserved + a sharp edge.", "rightCorner": "", "associations": "Close to spot where other implements were found.", "publications": "", "dateDiscoveryDay": "None", "dateDiscoveryYear": "None", "dateDiscoveryMonth": "None"}}, {"id": 15644, "created": "2014-08-31T17:06:57.914589", "project_id": 52, "task_id": 11047, "user_id": 433, "user_ip": null, "finish_time": "2014-08-31T17:06:57.914608", "timeout": null, "calibration": null, "external_uid": null, "media_url": null, "info": {"lat": "52.4503619", "lon": "-0.10846549999996569", "edge": "18", "site": "England[;]Huntingdonshire (Cambridgeshire)[;]Ramsey Fen", "other": "Width: edge 17.5mm; middle 20.5mm; butt 18mm[;]Thickness: 15.5mm; 3mm; 18mm[;]Weight: 212.61 gms", "width": "18", "length": "168", "patina": "No patina", "weight": "213", "geojson": {"crs": {"type": "name", "properties": {"name": "urn:ogc:def:crs:OGC:1.3:CRS84"}}, "type": "Feature", "geometry": {"type": "Point", "coordinates": ["-0.10846549999996569", "52.4503619"]}, "properties": {}}, "gridRef": "", "remarks": "", "surface": "Rough dark green + light brass in patches.", "toSearch": "Ramsey, Cambridgeshire, UK", "thickness": "16", "collection": "Wisbech Museum", "objectType": "Palstave Chisel", "composition": "", "description": "", "rightCorner": "A3", "associations": "", "publications": "", "dateDiscoveryDay": "None", "dateDiscoveryYear": "None", "dateDiscoveryMonth": "None"}}, {"id": 15650, "created": "2014-08-31T17:11:36.112047", "project_id": 52, "task_id": 11048, "user_id": 433, "user_ip": null, "finish_time": "2014-08-31T17:11:36.112069", "timeout": null, "calibration": null, "external_uid": null, "media_url": null, "info": {"lat": "53.91301499999999", "lon": "-2.1869179999999915", "edge": "", "site": "England[;]Lancashire[;](Yorkshire West Riding)[;]Barnoldswick[;]Causeway Carr[;]Found Jan. 1980 in a field known as Causeway Carr, by Mr. Hirst, 3 Sackville Street, Barnoldswick, just below the surface of the field, using a metal detector (DF).", "other": "", "width": "", "length": "", "patina": "", "weight": "", "geojson": {"crs": {"type": "name", "properties": {"name": "urn:ogc:def:crs:OGC:1.3:CRS84"}}, "type": "Feature", "geometry": {"type": "Point", "coordinates": ["-2.1869179999999915", "53.91301499999999"]}, "properties": {}}, "gridRef": "SD 8721 4605", "remarks": "PRBAF: DF (S); SI[;]Ext. CI[;]Rec.: SN March 80[;]Source: SB. I[;]Sub. Inf. David Williams, Craven Museum 28/2/80", "surface": "", "toSearch": "Barnoldswick, Barnoldswick, Lancashire BB18, UK", "thickness": "", "collection": "Skipton, The Craven Museum", "objectType": "Flanged Chisel", "composition": "", "description": "", "rightCorner": "A3", "associations": "8a. Single Find", "publications": "", "dateDiscoveryDay": "None", "dateDiscoveryYear": "1980", "dateDiscoveryMonth": "1"}}, {"id": 15653, "created": "2014-08-31T17:13:22.479432", "project_id": 52, "task_id": 11049, "user_id": 433, "user_ip": null, "finish_time": "2014-08-31T17:13:22.479452", "timeout": null, "calibration": null, "external_uid": null, "media_url": null, "info": {"lat": "52.6214299", "lon": "0.5285169999999653", "edge": "", "site": "England[;]Norfolk[;]Barton Bendish", "other": "", "width": "31", "length": "105", "patina": "", "weight": "", "geojson": {"crs": {"type": "name", "properties": {"name": "urn:ogc:def:crs:OGC:1.3:CRS84"}}, "type": "Feature", "geometry": {"type": "Point", "coordinates": ["0.5285169999999653", "52.6214299"]}, "properties": {}}, "gridRef": "", "remarks": "MJR", "surface": "Hammering extensive on two sides as far down as the incurve.", "toSearch": "Barton Bendish, King's Lynn, Norfolk PE33, UK", "thickness": "", "collection": "London, British Museum, 52.4-3.5", "objectType": "Haft-Flanged Chisel", "composition": "", "description": "", "rightCorner": "A3", "associations": "", "publications": "", "dateDiscoveryDay": "None", "dateDiscoveryYear": "None", "dateDiscoveryMonth": "None"}}, {"id": 15656, "created": "2014-08-31T17:16:49.846608", "project_id": 52, "task_id": 11050, "user_id": 433, "user_ip": null, "finish_time": "2014-08-31T17:16:49.846627", "timeout": null, "calibration": null, "external_uid": null, "media_url": null, "info": {"lat": "50.7111639", "lon": "-2.4411810000000287", "edge": "24", "site": "England[;]Oxon[;]Dorchester, near[;]1873", "other": "Width: edge 24mm; centre 21mm; butt 19mm[;]Thickness: centre 7mm, 19mm[;]Weight: 156.85 gms", "width": "19", "length": "129", "patina": "Light brown-green patina", "weight": "157", "geojson": {"crs": {"type": "name", "properties": {"name": "urn:ogc:def:crs:OGC:1.3:CRS84"}}, "type": "Feature", "geometry": {"type": "Point", "coordinates": ["-2.4411810000000287", "50.7111639"]}, "properties": {}}, "gridRef": "", "remarks": "", "surface": "", "toSearch": "Dorchester, Dorchester, Dorset, UK", "thickness": "7", "collection": "Ashmolean Museum, Oxford[;]Evans Collection, 1927-2687", "objectType": "Palstave of Chisel-like Form; Palstave Chisel Axe-Like", "composition": "", "description": "Narrow chisel-like form.", "rightCorner": "A3", "associations": "", "publications": "Evans, Anc. Br. Imps., pp. 83-4.", "dateDiscoveryDay": "None", "dateDiscoveryYear": "1873", "dateDiscoveryMonth": "None"}}, {"id": 15657, "created": "2014-08-31T17:18:58.202533", "project_id": 52, "task_id": 11051, "user_id": 433, "user_ip": null, "finish_time": "2014-08-31T17:18:58.202554", "timeout": null, "calibration": null, "external_uid": null, "media_url": null, "info": {"lat": "51.4917059", "lon": "0.7321755000000394", "edge": "", "site": "England[;]River Thames", "other": "", "width": "22", "length": "98", "patina": "", "weight": "", "geojson": {"crs": {"type": "name", "properties": {"name": "urn:ogc:def:crs:OGC:1.3:CRS84"}}, "type": "Feature", "geometry": {"type": "Point", "coordinates": ["0.7321755000000394", "51.4917059"]}, "properties": {}}, "gridRef": "", "remarks": "MJR", "surface": "", "toSearch": "River Thames, United Kingdom", "thickness": "", "collection": "London, Museum O.1186", "objectType": "Palstave (Chisel?)", "composition": "", "description": "Faint pointed shield design below stop.", "rightCorner": "", "associations": "", "publications": "", "dateDiscoveryDay": "None", "dateDiscoveryYear": "None", "dateDiscoveryMonth": "None"}}, {"id": 15659, "created": "2014-08-31T17:22:20.689955", "project_id": 52, "task_id": 11052, "user_id": 433, "user_ip": null, "finish_time": "2014-08-31T17:22:20.689977", "timeout": null, "calibration": null, "external_uid": null, "media_url": null, "info": {"lat": "51.961726", "lon": "1.3512550000000374", "edge": "27", "site": "England[;]Suffolk[;]Felixstowe", "other": "Width: edge 27mm; middle 20mm; butt 19mm[;]Thickness: 6mm; 18mm", "width": "19", "length": "138", "patina": "Greenish patina", "weight": "176", "geojson": {"crs": {"type": "name", "properties": {"name": "urn:ogc:def:crs:OGC:1.3:CRS84"}}, "type": "Feature", "geometry": {"type": "Point", "coordinates": ["1.3512550000000374", "51.961726"]}, "properties": {}}, "gridRef": "", "remarks": "", "surface": "", "toSearch": "Felixstowe, Suffolk, UK", "thickness": "6", "collection": "Fitz Collection 757.76.94[;]Catalogue of Antiquities, No. 240[;]Transferred to Ipswich Museum, Oct. 1962[;]Cat. No. preserved", "objectType": "Palstave Chisel Axe-Like", "composition": "", "description": "Semi-elliptical ornament below stop ridge.", "rightCorner": "A3", "associations": "", "publications": "", "dateDiscoveryDay": "None", "dateDiscoveryYear": "None", "dateDiscoveryMonth": "None"}}, {"id": 15662, "created": "2014-08-31T17:24:08.521842", "project_id": 52, "task_id": 11053, "user_id": 433, "user_ip": null, "finish_time": "2014-08-31T17:24:08.521864", "timeout": null, "calibration": null, "external_uid": null, "media_url": null, "info": {"lat": "51.961726", "lon": "1.3512550000000374", "edge": "19", "site": "locality unknown", "other": "Width: edge 19mm; middle 14mm; butt 12mm[;]Thickness: 5mm; 13mm[;]Weight: 42.525 gms", "width": "12", "length": "74", "patina": "Dull green", "weight": "43", "geojson": {"crs": {"type": "name", "properties": {"name": "urn:ogc:def:crs:OGC:1.3:CRS84"}}, "type": "Feature", "geometry": {"type": "Point", "coordinates": ["1.3512550000000374", "51.961726"]}, "properties": {}}, "gridRef": "", "remarks": "", "surface": "Corroded in places.", "toSearch": "", "thickness": "5", "collection": "Municipal Museum, Hull", "objectType": "Flanged Chisel", "composition": "", "description": "Edge sharp but damaged.", "rightCorner": "A3", "associations": "", "publications": "", "dateDiscoveryDay": "None", "dateDiscoveryYear": "None", "dateDiscoveryMonth": "None"}}, {"id": 15664, "created": "2014-08-31T17:26:31.852278", "project_id": 52, "task_id": 11054, "user_id": 433, "user_ip": null, "finish_time": "2014-08-31T17:26:31.852300", "timeout": null, "calibration": null, "external_uid": null, "media_url": null, "info": {"lat": "52.3555177", "lon": "-1.1743197000000691", "edge": "22", "site": "?England", "other": "", "width": "", "length": "103", "patina": "Green and brown patina.", "weight": "", "geojson": {"crs": {"type": "name", "properties": {"name": "urn:ogc:def:crs:OGC:1.3:CRS84"}}, "type": "Feature", "geometry": {"type": "Point", "coordinates": ["-1.1743197000000691", "52.3555177"]}, "properties": {}}, "gridRef": "", "remarks": "10 in white paint on blade.", "surface": "Rough and corroded.", "toSearch": "England, UK", "thickness": "20", "collection": "Collection of Dr. A. Relph[;]Sold at Sotheby's June 7,1936", "objectType": "Palstave Chisel", "composition": "", "description": "Very bad condition, irregular casting. Triangular depression below stop-ridge on each face. Edge quite blunt.", "rightCorner": "A3", "associations": "", "publications": "", "dateDiscoveryDay": "None", "dateDiscoveryYear": "None", "dateDiscoveryMonth": "None"}}, {"id": 15668, "created": "2014-08-31T17:29:19.050843", "project_id": 52, "task_id": 11055, "user_id": 433, "user_ip": null, "finish_time": "2014-08-31T17:29:19.050861", "timeout": null, "calibration": null, "external_uid": null, "media_url": null, "info": {"lat": "51.1833333", "lon": "-1.7166667000000189", "edge": "20", "site": "England[;]Wilts[;]Bulford (near)[;]Beacon Hill[;]1878", "other": "Width: edge 20mm; middle 21mm; butt 14mm[;]Thickness: 4mm; 12mm[;]Weight: 47.45 gms", "width": "14", "length": "80", "patina": "Dark green", "weight": "47", "geojson": {"crs": {"type": "name", "properties": {"name": "urn:ogc:def:crs:OGC:1.3:CRS84"}}, "type": "Feature", "geometry": {"type": "Point", "coordinates": ["-1.7166667000000189", "51.1833333"]}, "properties": {}}, "gridRef": "", "remarks": "", "surface": "", "toSearch": "Beacon Hill, Salisbury, Wiltshire SP4, UK", "thickness": "4", "collection": "Salisbury, S. Wilts. and Blackmore Museum, Salisbury[;]112 Goddard", "objectType": "Flanged Chisel", "composition": "", "description": "", "rightCorner": "A3", "associations": "", "publications": "", "dateDiscoveryDay": "None", "dateDiscoveryYear": "1878", "dateDiscoveryMonth": "None"}}, {"id": 15672, "created": "2014-08-31T17:34:40.083523", "project_id": 52, "task_id": 11056, "user_id": 433, "user_ip": null, "finish_time": "2014-08-31T17:34:40.083545", "timeout": null, "calibration": null, "external_uid": null, "media_url": null, "info": {"lat": "50.920029", "lon": "-0.6041400000000294", "edge": "28", "site": "England[;]Sussex[;]Bignor[;]Westburton Hill[;]1846", "other": "Width: butt 16mm; blade 28mm", "width": "16", "length": "158", "patina": "Yellow", "weight": "186", "geojson": {"crs": {"type": "name", "properties": {"name": "urn:ogc:def:crs:OGC:1.3:CRS84"}}, "type": "Feature", "geometry": {"type": "Point", "coordinates": ["-0.6041400000000294", "50.920029"]}, "properties": {}}, "gridRef": "SU 98 14", "remarks": "New drawing available.", "surface": "Slightly pitted.", "toSearch": "Bignor, Pulborough, West Sussex RH20, UK", "thickness": "20", "collection": "British Museum, 83.8-2.10", "objectType": "Bronze Palstave Chisel Axe-Like", "composition": "Bronze", "description": "Surface worn, \"V\" shape indentation with centre rib below stop ridge. Slight vertical rib on butt.[;]Rib castin sock on both sides. Warbutron Down near Bigmor, Sussec, 1846 while digging. Rev. J. Beck.", "rightCorner": "A3", "associations": "Perhaps influenced by Narrow type of Nordic Palstave.", "publications": "Proc. Soc. Antiq. 2nd Series, Vol. IV, p. 442.158", "dateDiscoveryDay": "None", "dateDiscoveryYear": "1846", "dateDiscoveryMonth": "None"}}, {"id": 15673, "created": "2014-08-31T17:38:10.119746", "project_id": 52, "task_id": 11057, "user_id": 433, "user_ip": null, "finish_time": "2014-08-31T17:38:10.119767", "timeout": null, "calibration": null, "external_uid": null, "media_url": null, "info": {"lat": "50.9010609", "lon": "-0.17474429999992935", "edge": "", "site": "England[;]Sussex[;]Pyecombe[;]Wolstonbury Hill", "other": "", "width": "", "length": "", "patina": "Dull green", "weight": "", "geojson": {"crs": {"type": "name", "properties": {"name": "urn:ogc:def:crs:OGC:1.3:CRS84"}}, "type": "Feature", "geometry": {"type": "Point", "coordinates": ["-0.17474429999992935", "50.9010609"]}, "properties": {}}, "gridRef": "", "remarks": "", "surface": "", "toSearch": "Pyecombe, Brighton, West Sussex BN45, UK", "thickness": "", "collection": "Lewes Museum[;]Presented to Sussex Arch. Soc. 1929[;](From Weekes Collection, c. 1840)", "objectType": "Palstave Chisel Axe-Like", "composition": "", "description": "", "rightCorner": "A3", "associations": "", "publications": "Evans, Anc. Br. Imps, p. 84[;]Proc. Soc. Antiq. XXXI, 116, fig. 7 centre[;]Sussex Arch. Coll. VIII, 284/4", "dateDiscoveryDay": "None", "dateDiscoveryYear": "None", "dateDiscoveryMonth": "None"}}, {"id": 15676, "created": "2014-08-31T17:44:23.382192", "project_id": 52, "task_id": 11058, "user_id": 433, "user_ip": null, "finish_time": "2014-08-31T17:44:23.382210", "timeout": null, "calibration": null, "external_uid": null, "media_url": null, "info": {"lat": "51.485", "lon": "-0.6269999999999527", "edge": "22", "site": "England[;]Berkshire[;]Clewer Without[;]St. Leonard's Hill", "other": "Width: edge 22mm; middle 17mm; butt 15mm[;]Thickness: 5mm; 18mm[;]Weight: 139.65 gms", "width": "15", "length": "138", "patina": "Brown", "weight": "140", "geojson": {"crs": {"type": "name", "properties": {"name": "urn:ogc:def:crs:OGC:1.3:CRS84"}}, "type": "Feature", "geometry": {"type": "Point", "coordinates": ["-0.6269999999999527", "51.485"]}, "properties": {}}, "gridRef": "c. SU 93 75", "remarks": "AFI; SI; CI", "surface": "Rather flaked especially towards edge.", "toSearch": "Clewer, Windsor, Windsor and Maidenhead SL4, UK", "thickness": "5", "collection": "British Museum, No No.[;](missing 1980)[;]presumably Sloane Collection as other St. Leonard's Hill, 'Windsor' bronzes", "objectType": "Palstave Chisel", "composition": "", "description": "Shield decoration below stop.", "rightCorner": "A3", "associations": "1a. Hoard", "publications": "Soc. of ants. MS 265, f. 12[;]Shikeley 1776, 96, 2d[;]possibly Du Noyer, 1847, 4 fig. D[;]Lost 1979, pl CIII, no. 13.[;]Soc. of Ants. MS 700 (way MSS) f. 9113", "dateDiscoveryDay": "None", "dateDiscoveryYear": "None", "dateDiscoveryMonth": "None"}}, {"id": 15677, "created": "2014-08-31T17:46:33.775835", "project_id": 52, "task_id": 11059, "user_id": 433, "user_ip": null, "finish_time": "2014-08-31T17:46:33.775857", "timeout": null, "calibration": null, "external_uid": null, "media_url": null, "info": {"lat": "51.63777422509215", "lon": "-0.7751798361816782", "edge": "", "site": "England[;]Buckinhamshire[;]between High Wycombe and West Wycombe", "other": "", "width": "", "length": "", "patina": "", "weight": "", "geojson": {"crs": {"type": "name", "properties": {"name": "urn:ogc:def:crs:OGC:1.3:CRS84"}}, "type": "Feature", "geometry": {"type": "Point", "coordinates": ["-0.7751798361816782", "51.63777422509215"]}, "properties": {}}, "gridRef": "c. SU 8546 9394", "remarks": "See new index", "surface": "Corroded", "toSearch": "3 Fryers Lane, High Wycombe, Buckinghamshire HP12 3AN, UK", "thickness": "", "collection": "Aylesbury, Bucks Co. Museum, 86.24", "objectType": "Palstave Chisel", "composition": "", "description": "", "rightCorner": "A3", "associations": "", "publications": "Farley 1978, 675-6, fig. 1 right", "dateDiscoveryDay": "None", "dateDiscoveryYear": "None", "dateDiscoveryMonth": "None"}}]