[{"id": 13207, "created": "2014-08-21T10:55:46.015282", "project_id": 42, "task_id": 11011, "user_id": 541, "user_ip": null, "finish_time": "2014-08-21T10:55:46.015303", "timeout": null, "calibration": null, "external_uid": null, "media_url": null, "info": {"edge": "", "site": "england[;]yorkshire[;]york[;]found in a field near york", "other": "", "width": "", "length": "40", "patina": "", "weight": "", "geojson": {"crs": {"type": "name", "properties": {"name": "urn:ogc:def:crs:OGC:1.3:CRS84"}}, "type": "Feature", "geometry": {"type": "Point", "coordinates": [-1.0815361, 53.9590555]}, "properties": {}}, "gridRef": "", "remarks": "", "surface": "", "toSearch": "york", "thickness": "", "collection": "Private - Mr Edward C. Parry-Jones[;]The Manor, Trelogan, nr Holywell, [...] CH8 9BY", "objectType": "Arrowhead", "composition": "", "description": "Socketed arrowhead.  Complete", "rightCorner": "", "associations": "", "publications": "", "optionsAccuracy": "10000", "Find spot marker": "Find spot marker", "dateDiscoveryDay": "None", "dateDiscoveryYear": "None", "dateDiscoveryMonth": "None"}}, {"id": 13216, "created": "2014-08-21T11:38:12.393277", "project_id": 42, "task_id": 11011, "user_id": 473, "user_ip": null, "finish_time": "2014-08-21T11:38:12.393298", "timeout": null, "calibration": null, "external_uid": null, "media_url": null, "info": {"edge": "", "site": "england [;] yorkshire [;] york [;] found in a field near york", "other": "I put the 'Typology' and 'Condition' information in the 'Description' box. And I put the 'Circumstances' information in the 'Site' box", "width": "", "length": "40", "patina": "", "weight": "", "geojson": {"crs": {"type": "name", "properties": {"name": "urn:ogc:def:crs:OGC:1.3:CRS84"}}, "type": "Feature", "geometry": {"type": "Point", "coordinates": [-1.0815361, 53.95905550000002]}, "properties": {}}, "gridRef": "", "remarks": "", "surface": "", "toSearch": "york", "thickness": "", "collection": "PRIVATE - Mr Edward C. Parry-Jones [;] The Mause, Trelogan, nr Holywell, Clwyd [;] CH8 9BY", "objectType": "ARROWHEAD", "composition": "", "description": "Socketed Arrowhead [;] Complete", "rightCorner": "", "associations": "SINGLE FIND", "publications": "", "optionsAccuracy": "10000", "Find spot marker": "Find spot marker", "dateDiscoveryDay": "None", "dateDiscoveryYear": "None", "dateDiscoveryMonth": "None"}}, {"id": 13249, "created": "2014-08-21T13:49:09.538345", "project_id": 42, "task_id": 11012, "user_id": 243, "user_ip": null, "finish_time": "2014-08-21T13:49:09.538367", "timeout": null, "calibration": null, "external_uid": null, "media_url": null, "info": {"edge": "", "site": "wiltshire[;]eastknoyle[;]found sept 1992 by mr. biss metal-detecting in a ploughed field. the object was 3-6\" deep", "other": "6 cross section drawings of arrowhead on reverse with text, \"Submitted Object \"Eastknoyle\" Wilts (Mr. T Biss) S. Needham.\" and \"drawn:- Scale 1:1 SPC 29/1/93\"[;]Tang appears to have an avulsion on one side separating the metal from the bottom portion of the tang.", "width": "31.5", "length": "61.2", "patina": "dark green", "weight": "", "geojson": {"crs": {"type": "name", "properties": {"name": "urn:ogc:def:crs:OGC:1.3:CRS84"}}, "type": "Feature", "geometry": {"type": "Point", "coordinates": [-2.173337043408205, 51.074599841328336]}, "properties": {}}, "gridRef": "ST 8788 3332", "remarks": "PIF[;]Rec.: Sn. Jan 93[;]Source: Sb. A.[;]Add.: (Receipt no. 725)", "surface": "dark green p. intact; possible waxy coating", "toSearch": "east knoyle", "thickness": "3.2[;]MaxT e.bev. 2.0", "collection": "Biss, Mr. T. - private (1993)[;]12 Upton, East Knoyle, Salisbury, Wilts.", "objectType": "ARROWHEAD, BARBED AND TANGED", "composition": "", "description": "TYPOLOGY: good loz. section with neat e. bevels; barbs; taper to inner edges as well, but more blunt than outer; tang flat with crudely chambered sides[;]MANUFACTURE: Grinding marks along e. bevels - localised secondary bevel; bifacial grinding out of notches under barbs; tiny lip of metal where ridge on spur flattened against tang face.[;]CONDITION: edges pretty sharp with only minor damage", "rightCorner": "", "associations": "", "publications": "", "optionsAccuracy": "10000", "Find spot marker": "Find spot marker", "dateDiscoveryDay": "None", "dateDiscoveryYear": "1992", "dateDiscoveryMonth": "9"}}, {"id": 13250, "created": "2014-08-21T13:52:15.651593", "project_id": 42, "task_id": 11013, "user_id": 243, "user_ip": null, "finish_time": "2014-08-21T13:52:15.651614", "timeout": null, "calibration": null, "external_uid": null, "media_url": null, "info": {"edge": "blade 16", "site": "locality unknown", "other": "No accuracy on geolocation reference.[;]2 cross section drawings of arrowhead on reverse.[;]Arrowhead appears to be barbed and tanged.[;]Fairly wide edge bevel, edge fairly worn and chipped.[;]Tip rounded.[;]Base of tang slightly wider.", "width": "", "length": "30", "patina": "brown to black", "weight": "", "geojson": {"crs": {"type": "name", "properties": {"name": "urn:ogc:def:crs:OGC:1.3:CRS84"}}, "type": "Feature", "geometry": {"type": "Point", "coordinates": [-2.9805393, 53.405471899999995]}, "properties": {}}, "gridRef": "35 gms", "remarks": "", "surface": "", "toSearch": "liverpool", "thickness": "blade 2.75", "collection": "Liverpool Museum[;]7225", "objectType": "Arrowhead", "composition": "", "description": "", "rightCorner": "", "associations": "", "publications": "", "optionsAccuracy": "10000", "Find spot marker": "Find spot marker", "dateDiscoveryDay": "None", "dateDiscoveryYear": "None", "dateDiscoveryMonth": "None"}}, {"id": 13251, "created": "2014-08-21T13:54:06.489806", "project_id": 42, "task_id": 11014, "user_id": 243, "user_ip": null, "finish_time": "2014-08-21T13:54:06.489826", "timeout": null, "calibration": null, "external_uid": null, "media_url": null, "info": {"edge": "13 blade", "site": "locality unknown.", "other": "2 cross section drawings of arrowhead on reverse.[;]Arrowhead is leaf shaped?[;]Tang extends below blade and connects to blade in a \"V\" shape.", "width": "7 tang", "length": "60", "patina": "", "weight": "14-17 gms", "geojson": {"crs": {"type": "name", "properties": {"name": "urn:ogc:def:crs:OGC:1.3:CRS84"}}, "type": "Feature", "geometry": {"type": "Point", "coordinates": [-2.333333, 50.75]}, "properties": {}}, "gridRef": "", "remarks": "", "surface": "smooth dark bronze", "toSearch": "dorset", "thickness": "4 blade.", "collection": "Farnham Museum[;]Dorset.", "objectType": "Arrowhead.", "composition": "", "description": "", "rightCorner": "", "associations": "", "publications": "", "optionsAccuracy": "10000", "Find spot marker": "Find spot marker", "dateDiscoveryDay": "None", "dateDiscoveryYear": "None", "dateDiscoveryMonth": "None"}}, {"id": 13253, "created": "2014-08-21T13:56:13.255307", "project_id": 42, "task_id": 11015, "user_id": 243, "user_ip": null, "finish_time": "2014-08-21T13:56:13.255329", "timeout": null, "calibration": null, "external_uid": null, "media_url": null, "info": {"edge": "blade 12", "site": "locality unknown.", "other": "No accuracy on geolocation reference.[;]2 cross section drawings of arrowhead on reverse.[;]Arrowhead is tanged and barbed.[;]Barbs very short on tang side.[;]Tang appears slightly damaged, or notches roughly formed.[;]Possible midrib running down centre of blade?[;]Blade long and somewhat leaf shaped, edge tip rounded.", "width": "tang 8", "length": "60.", "patina": "", "weight": "14-17 gms", "geojson": {"crs": {"type": "name", "properties": {"name": "urn:ogc:def:crs:OGC:1.3:CRS84"}}, "type": "Feature", "geometry": {"type": "Point", "coordinates": [-2.333333, 50.75]}, "properties": {}}, "gridRef": "", "remarks": "", "surface": "Smooth. dark bronze", "toSearch": "dorset", "thickness": "3.5 blade", "collection": "Farnham Museum[;]Dorset.", "objectType": "Arrowhead.", "composition": "", "description": "", "rightCorner": "", "associations": "", "publications": "", "optionsAccuracy": "10000", "Find spot marker": "Find spot marker", "dateDiscoveryDay": "None", "dateDiscoveryYear": "None", "dateDiscoveryMonth": "None"}}, {"id": 13254, "created": "2014-08-21T13:57:51.125689", "project_id": 42, "task_id": 11016, "user_id": 243, "user_ip": null, "finish_time": "2014-08-21T13:57:51.125708", "timeout": null, "calibration": null, "external_uid": null, "media_url": null, "info": {"edge": "blade 13", "site": "locality unknown", "other": "No accuracy on geolocation reference.[;]2 cross section drawings of arrowhead on reverse.[;]Arrowhead is barbed, likely tanged.[;]Barbs extremely small or very much worn.[;]Object is roughly oval shaped.[;]Tip rounded.", "width": "", "length": "60", "patina": "black.", "weight": "7.08", "geojson": {"crs": {"type": "name", "properties": {"name": "urn:ogc:def:crs:OGC:1.3:CRS84"}}, "type": "Feature", "geometry": {"type": "Point", "coordinates": [-2.333333, 50.75]}, "properties": {}}, "gridRef": "", "remarks": "", "surface": "smooth", "toSearch": "dorset", "thickness": "4", "collection": "Farnham Museum[;]Dorset.", "objectType": "Arrowhead.", "composition": "", "description": "", "rightCorner": "", "associations": "", "publications": "", "optionsAccuracy": "10000", "Find spot marker": "Find spot marker", "dateDiscoveryDay": "None", "dateDiscoveryYear": "None", "dateDiscoveryMonth": "None"}}, {"id": 13255, "created": "2014-08-21T14:00:27.131968", "project_id": 42, "task_id": 11017, "user_id": 243, "user_ip": null, "finish_time": "2014-08-21T14:00:27.131989", "timeout": null, "calibration": null, "external_uid": null, "media_url": null, "info": {"edge": "blade 17", "site": "locality unknown.", "other": "No accuracy on geolocation reference.[;]1 side profile drawing of arrowhead on reverse.[;]Arrowhead is tanged and barbed.[;]Tang extends quite far below barbs, else drawing shows remnant of wood shaft.[;]Barbs cut into blade quite far but notches do not extend all the way up barbs.[;]Tang is roughly triangular with wider mouth.[;]Edge has a chip on one side.[;]Tip pointed.", "width": "", "length": "80", "patina": "slight.", "weight": "", "geojson": {"crs": {"type": "name", "properties": {"name": "urn:ogc:def:crs:OGC:1.3:CRS84"}}, "type": "Feature", "geometry": {"type": "Point", "coordinates": [-3.540247175000001, 52.61966934439084]}, "properties": {}}, "gridRef": "", "remarks": "", "surface": "", "toSearch": "", "thickness": "blade 3", "collection": "Peabody Museum. Harvard University[;]Haynes Colln. By bequest 1912.\\[;]Cambridge. Mass.[;]E2236", "objectType": "Arrowhead", "composition": "", "description": "", "rightCorner": "", "associations": "", "publications": "", "optionsAccuracy": "10000", "Find spot marker": "Find spot marker", "dateDiscoveryDay": "None", "dateDiscoveryYear": "None", "dateDiscoveryMonth": "None"}}, {"id": 13256, "created": "2014-08-21T14:08:21.455115", "project_id": 42, "task_id": 11018, "user_id": 243, "user_ip": null, "finish_time": "2014-08-21T14:08:21.455134", "timeout": null, "calibration": null, "external_uid": null, "media_url": null, "info": {"edge": "blade 15", "site": "locality unknown", "other": "No accuracy on geolocation reference.[;]2 cross section drawings of arrowhead on reverse.[;]Arrowhead is tanged and barbed.[;]Socket wall of tang is broken on one side near base.  Socket extends up through blade creating tapering midrib.[;]Blade wavy, widening near centre, then taper to tip.[;]Tip fairly pointed but blunt.", "width": "Socket 8", "length": "40", "patina": "", "weight": "", "geojson": {"crs": {"type": "name", "properties": {"name": "urn:ogc:def:crs:OGC:1.3:CRS84"}}, "type": "Feature", "geometry": {"type": "Point", "coordinates": [-3.7160284250000024, 53.673879786364196]}, "properties": {}}, "gridRef": "", "remarks": "", "surface": "breccia incrustation", "toSearch": "", "thickness": "blade 6", "collection": "Peabody Museum[;]E 2232.[;]Harvard University[;]Cambridge. Mass.[;]Bequest of Prof. Hy. W. Haynes. 1912.", "objectType": "Arrowhead.", "composition": "", "description": "Socket broken", "rightCorner": "", "associations": "", "publications": "", "optionsAccuracy": "10000", "Find spot marker": "Find spot marker", "dateDiscoveryDay": "None", "dateDiscoveryYear": "None", "dateDiscoveryMonth": "None"}}, {"id": 13289, "created": "2014-08-21T16:04:24.873666", "project_id": 42, "task_id": 11012, "user_id": 1, "user_ip": null, "finish_time": "2014-08-21T16:04:24.873687", "timeout": null, "calibration": null, "external_uid": null, "media_url": null, "info": {"edge": "", "site": "", "other": "", "width": "", "length": "", "patina": "", "weight": "", "geojson": {"crs": {"type": "name", "properties": {"name": "urn:ogc:def:crs:OGC:1.3:CRS84"}}, "type": "Feature", "geometry": {"type": "Point", "coordinates": [-3.2765753, 54.70235450000004]}, "properties": {}}, "gridRef": "", "remarks": "", "surface": "", "toSearch": "", "thickness": "", "collection": "", "objectType": "", "composition": "", "description": "", "rightCorner": "", "associations": "", "publications": "", "optionsAccuracy": "100", "Find spot marker": "Find spot marker", "dateDiscoveryDay": "None", "dateDiscoveryYear": "None", "dateDiscoveryMonth": "None"}}, {"id": 13290, "created": "2014-08-21T16:36:52.439339", "project_id": 42, "task_id": 11013, "user_id": 411, "user_ip": null, "finish_time": "2014-08-21T16:36:52.439360", "timeout": null, "calibration": null, "external_uid": null, "media_url": null, "info": {"edge": "", "site": "locality unknown", "other": "the weight is given at top left of card:\r\n35 gms", "width": "Blade 16", "length": "30", "patina": "brown to black", "weight": "35", "geojson": {"crs": {"type": "name", "properties": {"name": "urn:ogc:def:crs:OGC:1.3:CRS84"}}, "type": "Feature", "geometry": {"type": "Point", "coordinates": [-3.2765753, 54.70235450000002]}, "properties": {}}, "gridRef": "", "remarks": "", "surface": "", "toSearch": "", "thickness": "blade 2.75", "collection": "Liverpool Museum  7225", "objectType": "Arrowhead", "composition": "", "description": "", "rightCorner": "", "associations": "", "publications": "", "optionsAccuracy": "100", "Find spot marker": "Find spot marker", "dateDiscoveryDay": "None", "dateDiscoveryYear": "None", "dateDiscoveryMonth": "None"}}, {"id": 13293, "created": "2014-08-21T16:41:16.212927", "project_id": 42, "task_id": 11014, "user_id": 411, "user_ip": null, "finish_time": "2014-08-21T16:41:16.212948", "timeout": null, "calibration": null, "external_uid": null, "media_url": null, "info": {"edge": "", "site": "locality unknown", "other": "", "width": "13 blade  7 tang", "length": "60", "patina": "", "weight": "14.17", "geojson": {"crs": {"type": "name", "properties": {"name": "urn:ogc:def:crs:OGC:1.3:CRS84"}}, "type": "Feature", "geometry": {"type": "Point", "coordinates": [-3.2765753, 54.70235450000002]}, "properties": {}}, "gridRef": "", "remarks": "", "surface": "smooth dark bronze", "toSearch": "", "thickness": "4 blade", "collection": "Farnham Museum\r\nDorset", "objectType": "Arrowhead.", "composition": "", "description": "", "rightCorner": "", "associations": "", "publications": "", "optionsAccuracy": "100", "Find spot marker": "Find spot marker", "dateDiscoveryDay": "None", "dateDiscoveryYear": "None", "dateDiscoveryMonth": "None"}}, {"id": 13295, "created": "2014-08-21T16:45:54.351959", "project_id": 42, "task_id": 11015, "user_id": 411, "user_ip": null, "finish_time": "2014-08-21T16:45:54.351980", "timeout": null, "calibration": null, "external_uid": null, "media_url": null, "info": {"edge": "", "site": "locality unknown", "other": "", "width": "Blade 12   tang 8", "length": "60.", "patina": "", "weight": "", "geojson": {"crs": {"type": "name", "properties": {"name": "urn:ogc:def:crs:OGC:1.3:CRS84"}}, "type": "Feature", "geometry": {"type": "Point", "coordinates": [-3.2765753, 54.70235450000002]}, "properties": {}}, "gridRef": "", "remarks": "", "surface": "smooth. dark bronze", "toSearch": "", "thickness": "3.5 blade", "collection": "Farnham Museum\r\nDorset.", "objectType": "Arrowhead.", "composition": "", "description": "", "rightCorner": "", "associations": "", "publications": "", "optionsAccuracy": "100", "Find spot marker": "Find spot marker", "dateDiscoveryDay": "None", "dateDiscoveryYear": "None", "dateDiscoveryMonth": "None"}}, {"id": 13296, "created": "2014-08-21T16:48:09.293883", "project_id": 42, "task_id": 11016, "user_id": 411, "user_ip": null, "finish_time": "2014-08-21T16:48:09.293905", "timeout": null, "calibration": null, "external_uid": null, "media_url": null, "info": {"edge": "", "site": "locality unknown", "other": "", "width": "blade 13", "length": "60.", "patina": "black", "weight": "7.08", "geojson": {"crs": {"type": "name", "properties": {"name": "urn:ogc:def:crs:OGC:1.3:CRS84"}}, "type": "Feature", "geometry": {"type": "Point", "coordinates": [-3.2765753, 54.70235450000002]}, "properties": {}}, "gridRef": "", "remarks": "", "surface": "smooth", "toSearch": "", "thickness": "4.", "collection": "Farnham Museum\r\nDorset.", "objectType": "Arrowhead.", "composition": "", "description": "", "rightCorner": "", "associations": "", "publications": "", "optionsAccuracy": "100", "Find spot marker": "Find spot marker", "dateDiscoveryDay": "None", "dateDiscoveryYear": "None", "dateDiscoveryMonth": "None"}}, {"id": 13298, "created": "2014-08-21T16:51:21.412846", "project_id": 42, "task_id": 11017, "user_id": 411, "user_ip": null, "finish_time": "2014-08-21T16:51:21.412867", "timeout": null, "calibration": null, "external_uid": null, "media_url": null, "info": {"edge": "", "site": "locality unknown.", "other": "", "width": "blade 17", "length": "80", "patina": "slight", "weight": "", "geojson": {"crs": {"type": "name", "properties": {"name": "urn:ogc:def:crs:OGC:1.3:CRS84"}}, "type": "Feature", "geometry": {"type": "Point", "coordinates": [-3.2765753, 54.70235450000002]}, "properties": {}}, "gridRef": "", "remarks": "", "surface": "", "toSearch": "", "thickness": "blade 3", "collection": "Peabody Museum. Harvard University\r\nCambridge. Mass\r\nE2236\r\nHaynes Colln.\r\nBy bequest 1912.", "objectType": "Arrowhead", "composition": "", "description": "", "rightCorner": "", "associations": "", "publications": "", "optionsAccuracy": "100", "Find spot marker": "Find spot marker", "dateDiscoveryDay": "None", "dateDiscoveryYear": "None", "dateDiscoveryMonth": "None"}}, {"id": 13301, "created": "2014-08-21T17:03:53.580142", "project_id": 42, "task_id": 11018, "user_id": 473, "user_ip": null, "finish_time": "2014-08-21T17:03:53.580163", "timeout": null, "calibration": null, "external_uid": null, "media_url": null, "info": {"edge": "", "site": "locality unknown", "other": "Included blade width 15mm, but didn't know where to put socket weight (8mm)", "width": "15", "length": "40", "patina": "", "weight": "", "geojson": {"crs": {"type": "name", "properties": {"name": "urn:ogc:def:crs:OGC:1.3:CRS84"}}, "type": "Feature", "geometry": {"type": "Point", "coordinates": [-3.2765753, 54.70235450000004]}, "properties": {}}, "gridRef": "", "remarks": "", "surface": "breccia incrustation", "toSearch": "", "thickness": "6", "collection": "Peabody Museum E2232 [;] Harvard University [;] Cambridge. Mass. [;] Bequest of Prof. Hy. W. Haynes. 1912.", "objectType": "Arrowhead", "composition": "", "description": "Socket broken", "rightCorner": "", "associations": "", "publications": "", "optionsAccuracy": "100", "Find spot marker": "Find spot marker", "dateDiscoveryDay": "None", "dateDiscoveryYear": "None", "dateDiscoveryMonth": "None"}}, {"id": 13303, "created": "2014-08-21T17:09:04.123694", "project_id": 42, "task_id": 11019, "user_id": 473, "user_ip": null, "finish_time": "2014-08-21T17:09:04.123714", "timeout": null, "calibration": null, "external_uid": null, "media_url": null, "info": {"edge": "", "site": "locality unknown", "other": "Need another section for the socket measurements. Only transcribed the blade measurements, pending is: socket width and thickness.", "width": "9.5", "length": "42.5", "patina": "", "weight": "", "geojson": {"crs": {"type": "name", "properties": {"name": "urn:ogc:def:crs:OGC:1.3:CRS84"}}, "type": "Feature", "geometry": {"type": "Point", "coordinates": [-3.2765753, 54.70235450000004]}, "properties": {}}, "gridRef": "", "remarks": "", "surface": "encrusted in hollows.", "toSearch": "", "thickness": "4", "collection": "Peabody Museum E2234 [;] Harvard University [;] Cambridge. Mass. [;] Bequest of Prof. Hy. W. Haynes. 1912.", "objectType": "Arrowhead", "composition": "", "description": "Socket broken off.", "rightCorner": "", "associations": "", "publications": "", "optionsAccuracy": "100", "Find spot marker": "Find spot marker", "dateDiscoveryDay": "None", "dateDiscoveryYear": "None", "dateDiscoveryMonth": "None"}}, {"id": 13309, "created": "2014-08-21T17:22:15.014902", "project_id": 42, "task_id": 11020, "user_id": 473, "user_ip": null, "finish_time": "2014-08-21T17:22:15.014924", "timeout": null, "calibration": null, "external_uid": null, "media_url": null, "info": {"edge": "", "site": "unknown", "other": "", "width": "blade 13, tang 8.5", "length": "56", "patina": "light", "weight": "", "geojson": {"crs": {"type": "name", "properties": {"name": "urn:ogc:def:crs:OGC:1.3:CRS84"}}, "type": "Feature", "geometry": {"type": "Point", "coordinates": [-3.2765753, 54.70235450000004]}, "properties": {}}, "gridRef": "", "remarks": "", "surface": "", "toSearch": "", "thickness": "3", "collection": "Peabody Museum E2229 [;] Harvard University [;] Cambridge. Mass. [;] Bequest of Prof. Hy. W. Haynes. 1912.", "objectType": "Arrowhead", "composition": "", "description": "", "rightCorner": "", "associations": "", "publications": "", "optionsAccuracy": "100", "Find spot marker": "Find spot marker", "dateDiscoveryDay": "None", "dateDiscoveryYear": "None", "dateDiscoveryMonth": "None"}}, {"id": 13310, "created": "2014-08-21T17:28:25.748156", "project_id": 42, "task_id": 11021, "user_id": 473, "user_ip": null, "finish_time": "2014-08-21T17:28:25.748177", "timeout": null, "calibration": null, "external_uid": null, "media_url": null, "info": {"edge": "", "site": "locality unknown", "other": "", "width": "15 blade, 7.5 socket", "length": "46", "patina": "light.", "weight": "", "geojson": {"crs": {"type": "name", "properties": {"name": "urn:ogc:def:crs:OGC:1.3:CRS84"}}, "type": "Feature", "geometry": {"type": "Point", "coordinates": [-3.2765753, 54.70235450000004]}, "properties": {}}, "gridRef": "", "remarks": "", "surface": "", "toSearch": "", "thickness": "blade 4, socket 7.5", "collection": "Peabody Museum [;] Harvard University E2230 [;] Cambridge. Mass. [;] Bequest of Prof. H. W. Haynes. 1912.", "objectType": "Arrowhead", "composition": "", "description": "Perforation at A", "rightCorner": "", "associations": "", "publications": "", "optionsAccuracy": "100", "Find spot marker": "Find spot marker", "dateDiscoveryDay": "None", "dateDiscoveryYear": "None", "dateDiscoveryMonth": "None"}}, {"id": 13311, "created": "2014-08-21T17:29:23.859342", "project_id": 42, "task_id": 11022, "user_id": 473, "user_ip": null, "finish_time": "2014-08-21T17:29:23.859363", "timeout": null, "calibration": null, "external_uid": null, "media_url": null, "info": {"edge": "", "site": "locality unknown.", "other": "", "width": "", "length": "", "patina": "", "weight": "", "geojson": {"crs": {"type": "name", "properties": {"name": "urn:ogc:def:crs:OGC:1.3:CRS84"}}, "type": "Feature", "geometry": {"type": "Point", "coordinates": [-3.2765753, 54.70235450000004]}, "properties": {}}, "gridRef": "", "remarks": "", "surface": "", "toSearch": "", "thickness": "", "collection": "Chadwick Museum [;] Bolton", "objectType": "Arrow Heads", "composition": "bronze", "description": "", "rightCorner": "", "associations": "", "publications": "", "optionsAccuracy": "100", "Find spot marker": "Find spot marker", "dateDiscoveryDay": "None", "dateDiscoveryYear": "None", "dateDiscoveryMonth": "None"}}, {"id": 13318, "created": "2014-08-21T18:17:46.869318", "project_id": 42, "task_id": 11019, "user_id": 243, "user_ip": null, "finish_time": "2014-08-21T18:17:46.869339", "timeout": null, "calibration": null, "external_uid": null, "media_url": null, "info": {"edge": "blade 9.5", "site": "locality unknown", "other": "2 cross section drawings of arrowhead on reverse.[;]Arrowhead appears to be slightly bent or otherwise misshapen.[;]Arrowhead is notched and tanged.[;]Portion of blade missing and encrusted over?", "width": "socket 7", "length": "42.5", "patina": "", "weight": "", "geojson": {"crs": {"type": "name", "properties": {"name": "urn:ogc:def:crs:OGC:1.3:CRS84"}}, "type": "Feature", "geometry": {"type": "Point", "coordinates": [-2.7492315499999993, 53.93339971419255]}, "properties": {}}, "gridRef": "", "remarks": "", "surface": "encrusted in hollows.", "toSearch": "", "thickness": "blade 4[;]Socket 7", "collection": "Peabody Museum[;]E2234[;]Harvard University[;]Cambridge, Mass.[;]Bequest of Prof. Hy. W. Haynes. 1912.", "objectType": "Arrowhead.", "composition": "", "description": "Socket broken off.", "rightCorner": "", "associations": "", "publications": "", "optionsAccuracy": "10000", "Find spot marker": "Find spot marker", "dateDiscoveryDay": "None", "dateDiscoveryYear": "None", "dateDiscoveryMonth": "None"}}, {"id": 13319, "created": "2014-08-21T18:21:34.338323", "project_id": 42, "task_id": 11020, "user_id": 243, "user_ip": null, "finish_time": "2014-08-21T18:21:34.338343", "timeout": null, "calibration": null, "external_uid": null, "media_url": null, "info": {"edge": "blade 13", "site": "unknown", "other": "No accuracy on geolocation reference.[;]1 cross section drawing of arrowhead on reverse with text \"depression of 1.5mm\" pointing to mid-line of blade and \"circular\" pointing to widest point of tang.[;]Tanged and barbed.[;]Notches under barbs are deeply grooved, one crossing the centre line.[;]Mid-line \"depression\" runs from tip to top of one groove where in angles over onto one barb.[;]Tip is quite rounded.", "width": "tang 8.5", "length": "56.", "patina": "light patina", "weight": "", "geojson": {"crs": {"type": "name", "properties": {"name": "urn:ogc:def:crs:OGC:1.3:CRS84"}}, "type": "Feature", "geometry": {"type": "Point", "coordinates": [-3.2765753, 54.70235450000004]}, "properties": {}}, "gridRef": "", "remarks": "", "surface": "", "toSearch": "", "thickness": "blade 3", "collection": "Peabody Museum[;]E2229[;]Harvard University[;]Cambridge. Mass.[;]Bequest of Prof. Hy. W. Haynes. 1912.", "objectType": "Arrow head.", "composition": "", "description": "", "rightCorner": "", "associations": "", "publications": "", "optionsAccuracy": "10000", "Find spot marker": "Find spot marker", "dateDiscoveryDay": "None", "dateDiscoveryYear": "None", "dateDiscoveryMonth": "None"}}, {"id": 13320, "created": "2014-08-21T18:24:01.623650", "project_id": 42, "task_id": 11021, "user_id": 243, "user_ip": null, "finish_time": "2014-08-21T18:24:01.623671", "timeout": null, "calibration": null, "external_uid": null, "media_url": null, "info": {"edge": "15 blade", "site": "locality unknown", "other": "No accuracy on geolocation reference.[;]2 cross section drawings of arrowhead on reverse with text \"A\" pointing to hole in top portion of tang.[;]Arrowhead is tanged and barbed.[;]Object is fairly triangular with pointed tip.[;]Tang and socket extend up into blade.", "width": "7.5 socket.", "length": "46", "patina": "Light.", "weight": "", "geojson": {"crs": {"type": "name", "properties": {"name": "urn:ogc:def:crs:OGC:1.3:CRS84"}}, "type": "Feature", "geometry": {"type": "Point", "coordinates": [-3.2765753, 54.70235450000004]}, "properties": {}}, "gridRef": "", "remarks": "", "surface": "", "toSearch": "", "thickness": "blade 4[;]socket 7.5", "collection": "Peabody Museum[;]E2230.[;]Harvard University[;]Cambridge. Mass.[;]Bequest of Prof. Hy. W. Haynes. 1912.", "objectType": "Arrow head.", "composition": "", "description": "Perforation at A", "rightCorner": "", "associations": "", "publications": "", "optionsAccuracy": "10000", "Find spot marker": "Find spot marker", "dateDiscoveryDay": "None", "dateDiscoveryYear": "None", "dateDiscoveryMonth": "None"}}, {"id": 13322, "created": "2014-08-21T18:32:49.473019", "project_id": 42, "task_id": 11022, "user_id": 243, "user_ip": null, "finish_time": "2014-08-21T18:32:49.473038", "timeout": null, "calibration": null, "external_uid": null, "media_url": null, "info": {"edge": "", "site": "locality unknown.", "other": "No accuracy on geolocation reference.[;]Appears to be a collection of 12 arrowheads and arrowhead fragments individually listed in side profile drawings on reverse. As follows from left column top-to-bottom to right column top-to-bottom.[;]L 35, W 13, Wt 6gms - midrib, fairly decayed, blade only.[;]L 34, W 14, Wt 3.5gms - Angular, diamond shaped, multiple bevels, blade only.[;]L 47, W 15, Wt 5gms - Somewhat diamond shaped, likely socketed and barbed, tang socket creates tapering midrib.[;]L 48, W 16, Wt 17gms - Triangular, tanged and barbed, tang quite small, tip square and blunt probably missing.[;]L 66, Wbl 12, Wsocket 10, Wt 7gms - Probably quite damaged and decayed, tang/socket? nearly as long as blade.[;]L 16, W 8, Wt 1gm. - Fragment, portion of blade.[;]L 12, W 9, Wt 1.5gms - Fragment, portion of blade.[;]L 18, W 7, Wt 1gm. - Triangular, relatively thick tang, mid rib or depression, edge bevels.[;]L 16, W 10, Wt 2gms - Triangular, barbed and tanged, tang quite short and stout, barb worn away on one side.[;]L 20, W 9, Wt 1.5gms - Somewhat triangular, possibly socketed?", "width": "", "length": "", "patina": "", "weight": "", "geojson": {"crs": {"type": "name", "properties": {"name": "urn:ogc:def:crs:OGC:1.3:CRS84"}}, "type": "Feature", "geometry": {"type": "Point", "coordinates": [-3.2765753, 54.70235450000004]}, "properties": {}}, "gridRef": "", "remarks": "", "surface": "", "toSearch": "", "thickness": "", "collection": "Chadwick Museum[;]Bolton", "objectType": "Arrow Heads", "composition": "bronze", "description": "", "rightCorner": "", "associations": "", "publications": "", "optionsAccuracy": "10000", "Find spot marker": "Find spot marker", "dateDiscoveryDay": "None", "dateDiscoveryYear": "None", "dateDiscoveryMonth": "None"}}, {"id": 13324, "created": "2014-08-21T18:40:37.920250", "project_id": 42, "task_id": 11023, "user_id": 243, "user_ip": null, "finish_time": "2014-08-21T18:40:37.920271", "timeout": null, "calibration": null, "external_uid": null, "media_url": null, "info": {"edge": "", "site": "locality unknown", "other": "No accuracy on geolocation reference.[;]5 side profile drawings of arrow heads on reverse as follows.[;]A with text \"8mm thick\" pointing to midrib and \"tang bent\" pointing to tang near blade. Tang quite long, barbed, pointed tip.[;]B with text 12mm thick pointing to blade where it meets tang. Also a top cross section profile of blade which is diamond shaped. Tang is quite long, and merges into blade where it wraps around to barbs.[;]C with text \"11mm thick\" pointing to blade just above tang, and \"tang bent\" pointing to tang just below blade, tang and barbs quite long.[;]D with text \"8.5mm thick\" pointing to blade at tang., tang is drawn bent to one side, barbs extant but blunted and worn down. Blade triangular with some chips and blunted, square tip.[;]E with text \"12mm thick\" pointing to bottom of blade where it meets tang. Very triangular shaped, tanged with no barbs.[;]Also text on reverse of card \"All sections similar to section of B\" referring to diamond-shaped top cross-section.", "width": "A 18[;]B 18.5, 17[;]C 18[;]D 16[;]E 17.5", "length": "A 90[;]B 102.5[;]C 93[;]D 67.5[;]E 47", "patina": "", "weight": "", "geojson": {"crs": {"type": "name", "properties": {"name": "urn:ogc:def:crs:OGC:1.3:CRS84"}}, "type": "Feature", "geometry": {"type": "Point", "coordinates": [-3.2765753, 54.70235450000004]}, "properties": {}}, "gridRef": "", "remarks": "Also one other in this lot. made of iron. (not drawn)", "surface": "A Smooth, dark brown bronze, some medium green patina[;]B cleaned. Dark Indian Red Colour, which may be the remains of patina[;]C Smooth brownish colour. Some grey green patina.[;]D Smooth, slight powdery, light green patina on dark bronze[;]E Smooth, light green patina, partly covered with soil.", "toSearch": "", "thickness": "A 8[;]B 12, 8.5[;]C 11[;]D 8.5[;]E 12", "collection": "Sold at Sotheby's - 22nd / July 1926.[;]Lot 199.[;]owner unknown", "objectType": "Arrow heads.", "composition": "", "description": "", "rightCorner": "", "associations": "", "publications": "", "optionsAccuracy": "10000", "Find spot marker": "Find spot marker", "dateDiscoveryDay": "None", "dateDiscoveryYear": "None", "dateDiscoveryMonth": "None"}}, {"id": 13326, "created": "2014-08-21T18:54:28.933684", "project_id": 42, "task_id": 11023, "user_id": 528, "user_ip": null, "finish_time": "2014-08-21T18:54:28.933703", "timeout": null, "calibration": null, "external_uid": null, "media_url": null, "info": {"edge": "", "site": "locality unknown", "other": "These finds were not Georeferenced as the find site is unknown.\r\n\r\nThe card refers to an auction lot of 5 spearheads.", "width": "A: 18 ; B: 18.5 17 ; C: 18 ; D: 16 ; E: 17.5", "length": "A: 90 ; B: 102.5 ; C: 93 ; D: 67.5 ; E: 47", "patina": "", "weight": "", "geojson": {"crs": {"type": "name", "properties": {"name": "urn:ogc:def:crs:OGC:1.3:CRS84"}}, "type": "Feature", "geometry": {"type": "Point", "coordinates": [-3.2765753, 54.70235450000002]}, "properties": {}}, "gridRef": "", "remarks": "Also one other in this lot, made of iron (not drawn)", "surface": "A: smooth, dark brown bronze, some medium green patina ;  B: cleaned, dark indian red colour, which may be the remains of patina ; C: smooth brownish colour.  Some grey green patina ; D: smooth, slight powdery, light green patina over dark bronze ; E: smooth, light green patina, partly covered with soil", "toSearch": "", "thickness": "A: 8 ; B: 12 8.5 ; C: 11 ; D: 8.5 ; E: 12", "collection": "Sold at Sotheby's, 22nd July 1926, Lot 199, owner unknown", "objectType": "Arrowheads", "composition": "", "description": "", "rightCorner": "not given", "associations": "", "publications": "", "optionsAccuracy": "100", "Find spot marker": "Find spot marker", "dateDiscoveryDay": "None", "dateDiscoveryYear": "None", "dateDiscoveryMonth": "None"}}, {"id": 13328, "created": "2014-08-21T19:02:10.785367", "project_id": 42, "task_id": 11024, "user_id": 528, "user_ip": null, "finish_time": "2014-08-21T19:02:10.785389", "timeout": null, "calibration": null, "external_uid": null, "media_url": null, "info": {"edge": "", "site": "locality unknown", "other": "The items could not be Georeferenced as the find location(s) are unknown.\r\n\r\n", "width": "A: 14 ; B: 19 ; C: 16", "length": "A: 70 ; B: 76 ; C: 90", "patina": "", "weight": "", "geojson": {"crs": {"type": "name", "properties": {"name": "urn:ogc:def:crs:OGC:1.3:CRS84"}}, "type": "Feature", "geometry": {"type": "Point", "coordinates": [-3.2765753, 54.70235450000002]}, "properties": {}}, "gridRef": "", "remarks": "Similar in sections to those in Lot 199.  There is another in this lot, but made of iron, not drawn\r\n\r\n(2 cards)", "surface": "A: smooth, slightly encrusted dark green patina ; B: encrusted over with whitish soil, dark green patina ; C: cleaned.  No patina.  Dark blackish brown colour.  Tang is bent at end", "toSearch": "", "thickness": "A: 10 ; B: 11 ; C: 10", "collection": "Sold at Sotheby's 22nd July 1926, Lot 198, owner unknown", "objectType": "Arrowheads", "composition": "", "description": "", "rightCorner": "not given", "associations": "", "publications": "", "optionsAccuracy": "100", "Find spot marker": "Find spot marker", "dateDiscoveryDay": "None", "dateDiscoveryYear": "None", "dateDiscoveryMonth": "None"}}, {"id": 13329, "created": "2014-08-21T19:04:07.420150", "project_id": 42, "task_id": 11024, "user_id": 64, "user_ip": null, "finish_time": "2014-08-21T19:04:07.420171", "timeout": null, "calibration": null, "external_uid": null, "media_url": null, "info": {"edge": "", "site": "locality unknown", "other": "", "width": "A: 14[;]B 19[;] C 16", "length": "A: 70[;]B: 76[;]C: 90", "patina": "A: Dark green patina[;]B: Dark green patina", "weight": "", "geojson": {"crs": {"type": "name", "properties": {"name": "urn:ogc:def:crs:OGC:1.3:CRS84"}}, "type": "Feature", "geometry": {"type": "Point", "coordinates": [-3.2765753, 54.70235450000004]}, "properties": {}}, "gridRef": "", "remarks": "Similar in sections to those in Lot 199. There is another in this lot but made of iron not drawn[;](2 cards)", "surface": "A: Smooth. Slightly encrusted.[;]B: Encrusted over with whitish soil. C: Cleaned. No patina. Dark blackish brown colour. Tang is bent at end", "toSearch": "", "thickness": "A: 10[;]B 11[;]C 10", "collection": "Sold at Sotheby's 22nd July 1926.[;]Owner unknown[;]Lot 198", "objectType": "Arrow Heads", "composition": "", "description": "", "rightCorner": "", "associations": "", "publications": "", "optionsAccuracy": "100", "Find spot marker": "Find spot marker", "dateDiscoveryDay": "None", "dateDiscoveryYear": "None", "dateDiscoveryMonth": "None"}}, {"id": 13331, "created": "2014-08-21T19:10:00.171579", "project_id": 42, "task_id": 11025, "user_id": 64, "user_ip": null, "finish_time": "2014-08-21T19:10:00.171600", "timeout": null, "calibration": null, "external_uid": null, "media_url": null, "info": {"edge": "", "site": "locality unknown", "other": "", "width": "A: 22. 18[;]B: 18. 14", "length": "A: 79[;]B: 93.5", "patina": "A: matte medium green patina[;]B: Slightly matte green patina over dark bronze", "weight": "", "geojson": {"crs": {"type": "name", "properties": {"name": "urn:ogc:def:crs:OGC:1.3:CRS84"}}, "type": "Feature", "geometry": {"type": "Point", "coordinates": [-3.2765753, 54.70235450000004]}, "properties": {}}, "gridRef": "", "remarks": "There is another in this lot, but made of iron[;]not drawn[;](2 cards)", "surface": "A: Smooth. slightly corrosive. Some bubble holes on blade[;]B: Smooth.", "toSearch": "", "thickness": "A: 5. 10[;]B: 7. 10.5", "collection": "Sold at Sotheby's 22nd July 1926.[;]owner unknown[;]Lot 198", "objectType": "Arrow heads", "composition": "", "description": "", "rightCorner": "", "associations": "", "publications": "", "optionsAccuracy": "100", "Find spot marker": "Find spot marker", "dateDiscoveryDay": "None", "dateDiscoveryYear": "None", "dateDiscoveryMonth": "None"}}, {"id": 13333, "created": "2014-08-21T19:12:31.467520", "project_id": 42, "task_id": 11025, "user_id": 528, "user_ip": null, "finish_time": "2014-08-21T19:12:31.467540", "timeout": null, "calibration": null, "external_uid": null, "media_url": null, "info": {"edge": "", "site": "locality unknown", "other": "Items could not be Georeferenced as find location(s) are unknown.\r\n\r\nCard describes 2 spearheads auctioned as a lot.", "width": "A: 22.18 ; B: 18.14", "length": "A: 79 ; B: 93.5", "patina": "", "weight": "", "geojson": {"crs": {"type": "name", "properties": {"name": "urn:ogc:def:crs:OGC:1.3:CRS84"}}, "type": "Feature", "geometry": {"type": "Point", "coordinates": [-3.2765753, 54.70235450000002]}, "properties": {}}, "gridRef": "", "remarks": "There is another in this lot, but made of iron, not drawn\r\n(2 cards)", "surface": "A: smooth, slightly corrosive matte medium green patina, some bubble holes on blade ; B: smooth, slightly matte green patina over dark bronze", "toSearch": "", "thickness": "A: 5 10 ; B: 7 10.5", "collection": "Sold at Sotheby's 22nd July 1926, Lot 198, owner unknown", "objectType": "Arrowheads", "composition": "", "description": "", "rightCorner": "not given", "associations": "", "publications": "", "optionsAccuracy": "100", "Find spot marker": "Find spot marker", "dateDiscoveryDay": "None", "dateDiscoveryYear": "None", "dateDiscoveryMonth": "None"}}, {"id": 13335, "created": "2014-08-21T19:16:57.405098", "project_id": 42, "task_id": 11026, "user_id": 64, "user_ip": null, "finish_time": "2014-08-21T19:16:57.405119", "timeout": null, "calibration": null, "external_uid": null, "media_url": null, "info": {"edge": "", "site": "locality unknown", "other": "", "width": "A: 9[;]B: 10.5[;]C: 21", "length": "A: 20.5[;]B: 76[;]C: 68", "patina": "", "weight": "", "geojson": {"crs": {"type": "name", "properties": {"name": "urn:ogc:def:crs:OGC:1.3:CRS84"}}, "type": "Feature", "geometry": {"type": "Point", "coordinates": [-3.2765753, 54.70235450000004]}, "properties": {}}, "gridRef": "", "remarks": "There is another card for this lot (1 item is Roman, & another made of iron) not drawn", "surface": "", "toSearch": "", "thickness": "A: -[;]B: 1[;]C: 8.5", "collection": "Sold at Sotheby's 22nd July 1926.[;]owner unknown[;]Lot 200", "objectType": "Arrow heads", "composition": "", "description": "Dark bronze nearly covered with encrusted dark green patina. Small hole in blade through which is a ring holding label.[;]B: In centre of blade is a hole* or depression now filled with a lighter green coloured patina. Smooth thick medium green patina. *Smaller other side[;]C: Smooth. Dark brown thin patina partly covered with light grey green", "rightCorner": "", "associations": "", "publications": "", "optionsAccuracy": "100", "Find spot marker": "Find spot marker", "dateDiscoveryDay": "None", "dateDiscoveryYear": "None", "dateDiscoveryMonth": "None"}}, {"id": 13336, "created": "2014-08-21T19:18:20.061134", "project_id": 42, "task_id": 11027, "user_id": 64, "user_ip": null, "finish_time": "2014-08-21T19:18:20.061154", "timeout": null, "calibration": null, "external_uid": null, "media_url": null, "info": {"edge": "", "site": "locality unknown", "other": "", "width": "25", "length": "82", "patina": "Bronze", "weight": "24.4", "geojson": {"crs": {"type": "name", "properties": {"name": "urn:ogc:def:crs:OGC:1.3:CRS84"}}, "type": "Feature", "geometry": {"type": "Point", "coordinates": [-3.2765753, 54.70235450000004]}, "properties": {}}, "gridRef": "", "remarks": "", "surface": "Slightly pitted", "toSearch": "", "thickness": "2", "collection": "Carlisle Museum 248[;]R.F.412", "objectType": "Arrow Head", "composition": "", "description": "", "rightCorner": "", "associations": "", "publications": "", "optionsAccuracy": "100", "Find spot marker": "Find spot marker", "dateDiscoveryDay": "None", "dateDiscoveryYear": "None", "dateDiscoveryMonth": "None"}}, {"id": 13337, "created": "2014-08-21T19:20:26.157648", "project_id": 42, "task_id": 11028, "user_id": 64, "user_ip": null, "finish_time": "2014-08-21T19:20:26.157671", "timeout": null, "calibration": null, "external_uid": null, "media_url": null, "info": {"edge": "", "site": "", "other": "", "width": "", "length": "45", "patina": "", "weight": "7", "geojson": {"crs": {"type": "name", "properties": {"name": "urn:ogc:def:crs:OGC:1.3:CRS84"}}, "type": "Feature", "geometry": {"type": "Point", "coordinates": [-3.2765753, 54.70235450000004]}, "properties": {}}, "gridRef": "", "remarks": "No particulars on this whatever", "surface": "", "toSearch": "", "thickness": "", "collection": "B'ham Natural History Museum", "objectType": "Arrow-head", "composition": "Bronze", "description": "", "rightCorner": "", "associations": "", "publications": "", "optionsAccuracy": "100", "Find spot marker": "Find spot marker", "dateDiscoveryDay": "None", "dateDiscoveryYear": "None", "dateDiscoveryMonth": "None"}}, {"id": 13338, "created": "2014-08-21T19:24:54.340117", "project_id": 42, "task_id": 11029, "user_id": 64, "user_ip": null, "finish_time": "2014-08-21T19:24:54.340138", "timeout": null, "calibration": null, "external_uid": null, "media_url": null, "info": {"edge": "", "site": "locality unknown", "other": "", "width": "A: blade 10 socket 6[;]B: blade 11 socket 6[;]C: blade 10 socket 6[;]D: blade 12 socket 9", "length": "A: 28[;]B: 29[;]C: 36[;]D: 38", "patina": "", "weight": "", "geojson": {"crs": {"type": "name", "properties": {"name": "urn:ogc:def:crs:OGC:1.3:CRS84"}}, "type": "Feature", "geometry": {"type": "Point", "coordinates": [-3.2765753, 54.70235450000004]}, "properties": {}}, "gridRef": "", "remarks": "", "surface": "", "toSearch": "", "thickness": "", "collection": "Museum Observatory Dumfries", "objectType": "Arrowheads", "composition": "", "description": "A: Flanged. broken tip[;]B: Light green patina[;]C: Good condition sharp edges & point[;]D: broken & cracked. corroded", "rightCorner": "", "associations": "", "publications": "Reports on Local Museums in Scotland. Anderson & Black 1887. p415-6", "optionsAccuracy": "100", "Find spot marker": "Find spot marker", "dateDiscoveryDay": "None", "dateDiscoveryYear": "None", "dateDiscoveryMonth": "None"}}, {"id": 13339, "created": "2014-08-21T19:27:20.833325", "project_id": 42, "task_id": 11030, "user_id": 64, "user_ip": null, "finish_time": "2014-08-21T19:27:20.833345", "timeout": null, "calibration": null, "external_uid": null, "media_url": null, "info": {"edge": "", "site": "locality unknown", "other": "", "width": "10.5 blade", "length": "35", "patina": "rough patina in places", "weight": "", "geojson": {"crs": {"type": "name", "properties": {"name": "urn:ogc:def:crs:OGC:1.3:CRS84"}}, "type": "Feature", "geometry": {"type": "Point", "coordinates": [-3.2765753, 54.70235450000004]}, "properties": {}}, "gridRef": "", "remarks": "", "surface": "", "toSearch": "", "thickness": "", "collection": "Peabody Museum[;]Harvard University[;]Cambridge. Mass.[;]Bequest of Prof. Hy. W. Haynes 1912", "objectType": "Arrow head", "composition": "", "description": "Edges damaged. One flange bent over.", "rightCorner": "", "associations": "", "publications": "", "optionsAccuracy": "100", "Find spot marker": "Find spot marker", "dateDiscoveryDay": "None", "dateDiscoveryYear": "None", "dateDiscoveryMonth": "None"}}, {"id": 13340, "created": "2014-08-21T19:28:51.702664", "project_id": 42, "task_id": 11031, "user_id": 64, "user_ip": null, "finish_time": "2014-08-21T19:28:51.702685", "timeout": null, "calibration": null, "external_uid": null, "media_url": null, "info": {"edge": "", "site": "locality unknown", "other": "", "width": "blade 11", "length": "28", "patina": "very heavy", "weight": "", "geojson": {"crs": {"type": "name", "properties": {"name": "urn:ogc:def:crs:OGC:1.3:CRS84"}}, "type": "Feature", "geometry": {"type": "Point", "coordinates": [-3.2765753, 54.70235450000004]}, "properties": {}}, "gridRef": "", "remarks": "", "surface": "", "toSearch": "", "thickness": "", "collection": "Peabody Museum[;]Harvard University[;]Cambridhe. Mass.[;]Bequest of Prof. Hy. W. Haynes 1912", "objectType": "Arrow head", "composition": "", "description": "", "rightCorner": "", "associations": "", "publications": "", "optionsAccuracy": "100", "Find spot marker": "Find spot marker", "dateDiscoveryDay": "None", "dateDiscoveryYear": "None", "dateDiscoveryMonth": "None"}}, {"id": 13341, "created": "2014-08-21T19:30:41.154807", "project_id": 42, "task_id": 11032, "user_id": 64, "user_ip": null, "finish_time": "2014-08-21T19:30:41.154829", "timeout": null, "calibration": null, "external_uid": null, "media_url": null, "info": {"edge": "", "site": "locality unknown", "other": "", "width": "blade 17", "length": "47", "patina": "medium", "weight": "", "geojson": {"crs": {"type": "name", "properties": {"name": "urn:ogc:def:crs:OGC:1.3:CRS84"}}, "type": "Feature", "geometry": {"type": "Point", "coordinates": [-3.2765753, 54.70235450000004]}, "properties": {}}, "gridRef": "", "remarks": "", "surface": "", "toSearch": "", "thickness": "4.5 blade", "collection": "Peabody Museum[;]E2350[;]\r\nHarvard University[;]Cambridge Mass[;]Bequest of Prof. Hy. W. Haynes. 1912", "objectType": "Arrow head", "composition": "", "description": "", "rightCorner": "", "associations": "", "publications": "", "optionsAccuracy": "100", "Find spot marker": "Find spot marker", "dateDiscoveryDay": "None", "dateDiscoveryYear": "None", "dateDiscoveryMonth": "None"}}, {"id": 13342, "created": "2014-08-21T19:32:15.736593", "project_id": 42, "task_id": 11033, "user_id": 64, "user_ip": null, "finish_time": "2014-08-21T19:32:15.736611", "timeout": null, "calibration": null, "external_uid": null, "media_url": null, "info": {"edge": "", "site": "locality unknown", "other": "", "width": "blade 12", "length": "32", "patina": "medium", "weight": "", "geojson": {"crs": {"type": "name", "properties": {"name": "urn:ogc:def:crs:OGC:1.3:CRS84"}}, "type": "Feature", "geometry": {"type": "Point", "coordinates": [-3.2765753, 54.70235450000004]}, "properties": {}}, "gridRef": "", "remarks": "", "surface": "", "toSearch": "", "thickness": "", "collection": "Peabody Museum[;]E2233[;]Harvard Museum[;]Cambridge. Mass.[;]Bequest of Prof. Hy. W. Haynes. 1912", "objectType": "Arrow head", "composition": "", "description": "", "rightCorner": "", "associations": "", "publications": "", "optionsAccuracy": "100", "Find spot marker": "Find spot marker", "dateDiscoveryDay": "None", "dateDiscoveryYear": "None", "dateDiscoveryMonth": "None"}}, {"id": 13343, "created": "2014-08-21T19:35:15.583799", "project_id": 42, "task_id": 11034, "user_id": 64, "user_ip": null, "finish_time": "2014-08-21T19:35:15.583817", "timeout": null, "calibration": null, "external_uid": null, "media_url": null, "info": {"edge": "", "site": "unknown", "other": "Modern card, fields do not match data entry template\r\n", "width": "blade width 16", "length": "79[;]length of tang 35", "patina": "", "weight": "8", "geojson": {"crs": {"type": "name", "properties": {"name": "urn:ogc:def:crs:OGC:1.3:CRS84"}}, "type": "Feature", "geometry": {"type": "Point", "coordinates": [-3.2765753, 54.70235450000004]}, "properties": {}}, "gridRef": "", "remarks": "", "surface": "", "toSearch": "", "thickness": "", "collection": "PRIVATE (1999) Pritchard, Mr D[;]20 Rushton Crescent, Bournemouth[;]BH3 7AF", "objectType": "ARROWHEAD", "composition": "", "description": "Typology: Arrowhead, tanged with square section tang terminating in flattened end[;]\r\nCondition: complete", "rightCorner": "", "associations": "", "publications": "", "optionsAccuracy": "100", "Find spot marker": "Find spot marker", "dateDiscoveryDay": "None", "dateDiscoveryYear": "None", "dateDiscoveryMonth": "None"}}, {"id": 13345, "created": "2014-08-21T19:39:39.630667", "project_id": 42, "task_id": 11035, "user_id": 64, "user_ip": null, "finish_time": "2014-08-21T19:39:39.630687", "timeout": null, "calibration": null, "external_uid": null, "media_url": null, "info": {"edge": "", "site": "locality unknown", "other": "", "width": "A: 18[;]B: 17.25", "length": "A: 94[;]B: 99", "patina": "A: Some reddish brown patina[;]B: Thin reddish brown patina & dark bronze tang", "weight": "", "geojson": {"crs": {"type": "name", "properties": {"name": "urn:ogc:def:crs:OGC:1.3:CRS84"}}, "type": "Feature", "geometry": {"type": "Point", "coordinates": [-3.2765753, 54.70235450000004]}, "properties": {}}, "gridRef": "", "remarks": "There is another card for this lot (1 item is Roman & another made of iron)[;]not drawn", "surface": "A: Cleaned. dark golden bronze.[;]B: Smooth", "toSearch": "", "thickness": "A: 9. 3. 11.5[;]B: 9.75", "collection": "Sold at Sotheby's 22nd July 1926.[;]owner unknown[;]Lot 200", "objectType": "Arrow heads", "composition": "", "description": "", "rightCorner": "", "associations": "", "publications": "", "optionsAccuracy": "100", "Find spot marker": "Find spot marker", "dateDiscoveryDay": "None", "dateDiscoveryYear": "None", "dateDiscoveryMonth": "None"}}, {"id": 13346, "created": "2014-08-21T19:41:58.147003", "project_id": 42, "task_id": 11036, "user_id": 64, "user_ip": null, "finish_time": "2014-08-21T19:41:58.147024", "timeout": null, "calibration": null, "external_uid": null, "media_url": null, "info": {"edge": "", "site": "england[;]lancastershire[;]nateby[;]found in a field", "other": "", "width": "", "length": "", "patina": "", "weight": "", "geojson": {"crs": {"type": "name", "properties": {"name": "urn:ogc:def:crs:OGC:1.3:CRS84"}}, "type": "Feature", "geometry": {"type": "Point", "coordinates": [-3.2765753, 54.70235450000004]}, "properties": {}}, "gridRef": "", "remarks": "info from Dr A J White[;]Lancaster Museums Service", "surface": "", "toSearch": "", "thickness": "", "collection": "?", "objectType": "ARROWHEAD", "composition": "reported to be of copper", "description": "Barbed and tanged Arrowhead", "rightCorner": "", "associations": "", "publications": "", "optionsAccuracy": "100", "Find spot marker": "Find spot marker", "dateDiscoveryDay": "None", "dateDiscoveryYear": "None", "dateDiscoveryMonth": "None"}}, {"id": 13348, "created": "2014-08-21T19:59:35.728617", "project_id": 42, "task_id": 11026, "user_id": 243, "user_ip": null, "finish_time": "2014-08-21T19:59:35.728637", "timeout": null, "calibration": null, "external_uid": null, "media_url": null, "info": {"edge": "", "site": "locality unknown", "other": "No accuracy on geolocation reference.[;]3 arrowheads drawn on reverse.[;]A. Triangular, tri-bladed arrowhead with central socket?, roughly triangular on side profile.  Has text \"hole\" pointing to small hole on bottom of blade. Very vague possible barbs.[;]B. Quite long, almost spoon-shaped. Tang extremely long with text \"round section\" point toward end, tang slightly bent to one side. Blade is oval-shaped with a triangular tip attached to one end.[;]C. 3 cross section drawings.  Tanged and barbed. Pointed tip, roughly triangular.", "width": "A 9[;]B 10.5[;]C 21", "length": "A 20.5[;]B 76[;]C 68", "patina": "", "weight": "", "geojson": {"crs": {"type": "name", "properties": {"name": "urn:ogc:def:crs:OGC:1.3:CRS84"}}, "type": "Feature", "geometry": {"type": "Point", "coordinates": [-3.2765753, 54.70235450000004]}, "properties": {}}, "gridRef": "", "remarks": "There is another card for this lot (1 item is Roman, & another made of iron). not drawn.", "surface": "", "toSearch": "", "thickness": "A /[;]B 1mm (just over)[;]C 8.5", "collection": "Sold at Sotheby's 22nd July 1926. Lot 200[;]owner unknown", "objectType": "Arrow heads.", "composition": "", "description": "A. Dark bronze. nearly covered with encrusted dark green patina. Small hole in blade through which is a ring holding label[;]B. In centre of blade is a hole* or depression. now filled with a lighter green coloured patina. Smooth. thick medium green patina. * smaller other side.[;]C. Smooth. Dark brown thin patina, party covered with light grey green.", "rightCorner": "", "associations": "", "publications": "", "optionsAccuracy": "1000", "Find spot marker": "Find spot marker", "dateDiscoveryDay": "None", "dateDiscoveryYear": "None", "dateDiscoveryMonth": "None"}}, {"id": 13349, "created": "2014-08-21T20:01:46.377704", "project_id": 42, "task_id": 11027, "user_id": 243, "user_ip": null, "finish_time": "2014-08-21T20:01:46.377725", "timeout": null, "calibration": null, "external_uid": null, "media_url": null, "info": {"edge": "", "site": "locality unknown", "other": "No accuracy on geolocation reference.[;]One side profile drawing on reverse.[;]Blade is diamond-shaped. Midrib extending from tang almost to blade tip. 2 side bevels? on rear portion (facing tang) of blade, bevels (ridges?) connect to tang. Tang nearly as long as blade, widens at butt.", "width": "25", "length": "82", "patina": "Bronze.", "weight": "24.4", "geojson": {"crs": {"type": "name", "properties": {"name": "urn:ogc:def:crs:OGC:1.3:CRS84"}}, "type": "Feature", "geometry": {"type": "Point", "coordinates": [-3.2765753, 54.70235450000004]}, "properties": {}}, "gridRef": "", "remarks": "", "surface": "Slightly pitted", "toSearch": "", "thickness": "2", "collection": "Carlisle Museum. 248[;]R.F. 412.", "objectType": "Arrow Head.", "composition": "", "description": "", "rightCorner": "", "associations": "", "publications": "", "optionsAccuracy": "10000", "Find spot marker": "Find spot marker", "dateDiscoveryDay": "None", "dateDiscoveryYear": "None", "dateDiscoveryMonth": "None"}}, {"id": 13350, "created": "2014-08-21T20:06:06.376229", "project_id": 42, "task_id": 11028, "user_id": 243, "user_ip": null, "finish_time": "2014-08-21T20:06:06.376248", "timeout": null, "calibration": null, "external_uid": null, "media_url": null, "info": {"edge": "", "site": "", "other": "3 cross section drawings of arrowhead on reverse with text, \"no73. Jany 21st 1921 E.C. middeton Hardwick RS Streetly.[;]Cross section of blade is diamond shaped, side profile is triangular.[;]Socket below blade with intact mouth, socket appears to create a slight midrib? 2 notches on socket.[;]Tip rounded.", "width": "", "length": "45", "patina": "", "weight": "7", "geojson": {"crs": {"type": "name", "properties": {"name": "urn:ogc:def:crs:OGC:1.3:CRS84"}}, "type": "Feature", "geometry": {"type": "Point", "coordinates": [-3.2765753, 54.70235450000004]}, "properties": {}}, "gridRef": "", "remarks": "No particulars or nos whatever", "surface": "", "toSearch": "", "thickness": "", "collection": "Bham Natural History Museum", "objectType": "Arrow-head.", "composition": "Bronze", "description": "", "rightCorner": "", "associations": "", "publications": "", "optionsAccuracy": "10000", "Find spot marker": "Find spot marker", "dateDiscoveryDay": "None", "dateDiscoveryYear": "None", "dateDiscoveryMonth": "None"}}, {"id": 13351, "created": "2014-08-21T20:07:12.563082", "project_id": 42, "task_id": 11026, "user_id": 482, "user_ip": null, "finish_time": "2014-08-21T20:07:12.563104", "timeout": null, "calibration": null, "external_uid": null, "media_url": null, "info": {"edge": "", "site": "locality unknown", "other": "", "width": "A 9, B 10.5, C 21", "length": "A 20.5, B 76, C 68", "patina": "", "weight": "", "geojson": {"crs": {"type": "name", "properties": {"name": "urn:ogc:def:crs:OGC:1.3:CRS84"}}, "type": "Feature", "geometry": {"type": "Point", "coordinates": [-3.2765753, 54.70235450000002]}, "properties": {}}, "gridRef": "", "remarks": "There is another card for this lot\r\n(1 item is Roman and another made of iron)\r\nNot drawn", "surface": "A  small hole in blade through which is a ring holding label B Smooth. thick medium green patina smaller than other side", "toSearch": "", "thickness": "", "collection": "Sold at Sotheby's 22nd July 1926   Lot 200\r\nOwner unknown", "objectType": "Arrow heads", "composition": "Dark bronze, nearly covered with encrusted dark green patina. B in center of blade is  a hole or depression, now filled with lighter green colored patina. C smooth. dark brown thin patina, partly covered with light grey green", "description": "", "rightCorner": "", "associations": "", "publications": "", "optionsAccuracy": "100", "Find spot marker": "Find spot marker", "dateDiscoveryDay": "None", "dateDiscoveryYear": "None", "dateDiscoveryMonth": "None"}}, {"id": 13352, "created": "2014-08-21T20:11:02.189005", "project_id": 42, "task_id": 11027, "user_id": 482, "user_ip": null, "finish_time": "2014-08-21T20:11:02.189026", "timeout": null, "calibration": null, "external_uid": null, "media_url": null, "info": {"edge": "", "site": "locality unknown", "other": "", "width": "25", "length": "82", "patina": "Slightly pitted bronze", "weight": "24.4", "geojson": {"crs": {"type": "name", "properties": {"name": "urn:ogc:def:crs:OGC:1.3:CRS84"}}, "type": "Feature", "geometry": {"type": "Point", "coordinates": [-3.2765753, 54.70235450000002]}, "properties": {}}, "gridRef": "", "remarks": "", "surface": "", "toSearch": "", "thickness": "2", "collection": "Carlisle museum 248 RF 412", "objectType": "Arrow head", "composition": "", "description": "", "rightCorner": "", "associations": "", "publications": "", "optionsAccuracy": "100", "Find spot marker": "Find spot marker", "dateDiscoveryDay": "None", "dateDiscoveryYear": "None", "dateDiscoveryMonth": "None"}}, {"id": 13353, "created": "2014-08-21T20:11:29.876824", "project_id": 42, "task_id": 11029, "user_id": 243, "user_ip": null, "finish_time": "2014-08-21T20:11:29.876842", "timeout": null, "calibration": null, "external_uid": null, "media_url": null, "info": {"edge": "Blades, A 10[;]B 11[;]C 10[;]D 12", "site": "locality unknown", "other": "No accuracy on geolocation reference.[;]4 cross sections of arrowheads on reverse.[;]A. Tri-bladed with socket on lower half of blade, roughly diamond shaped on side profile, blades relatively thick.[;]B. Tri-faced, no distinct blades, pyramid shaped top profile. Appears to be socketed?[;]C. Tri-bladed, socket on lower half of blade. Blades relatively thin, appears to be a more intact version of A.[;]D. Tri-bladed, socket on lower half of blade, socket is fairly large. Roughly diamond shaped on side profile, fairly worn.", "width": "Sockets, A 6[;]B 6[;]C 6[;]D 9.", "length": "A 28[;]B 29[;]C 36[;]D 38", "patina": "", "weight": "A 3.7[;]B 4.5[;]C 2.26[;]D 5.1", "geojson": {"crs": {"type": "name", "properties": {"name": "urn:ogc:def:crs:OGC:1.3:CRS84"}}, "type": "Feature", "geometry": {"type": "Point", "coordinates": [-3.2765753, 54.70235450000004]}, "properties": {}}, "gridRef": "", "remarks": "", "surface": "", "toSearch": "", "thickness": "", "collection": "Museum Observatory[;]Dumfries.", "objectType": "Arrowheads", "composition": "", "description": "A. Flanged. broken tip[;]B Light green patina[;]C Good condition sharp edges & point.[;]D. broken & cracked. corroded", "rightCorner": "", "associations": "", "publications": "Reports on Local Museums in Scotland. Anderson & Bleach 1887. p 415-6", "optionsAccuracy": "10000", "Find spot marker": "Find spot marker", "dateDiscoveryDay": "None", "dateDiscoveryYear": "None", "dateDiscoveryMonth": "None"}}, {"id": 13354, "created": "2014-08-21T20:13:10.605887", "project_id": 42, "task_id": 11030, "user_id": 243, "user_ip": null, "finish_time": "2014-08-21T20:13:10.605908", "timeout": null, "calibration": null, "external_uid": null, "media_url": null, "info": {"edge": "10.5 blade", "site": "locality unknown.", "other": "3 cross section drawings of arrowhead on reverse.[;]Tri-bladed, socket on lower half.", "width": "", "length": "35", "patina": "rough patina in places", "weight": "", "geojson": {"crs": {"type": "name", "properties": {"name": "urn:ogc:def:crs:OGC:1.3:CRS84"}}, "type": "Feature", "geometry": {"type": "Point", "coordinates": [-3.2765753, 54.70235450000004]}, "properties": {}}, "gridRef": "Secn.", "remarks": "", "surface": "", "toSearch": "", "thickness": "", "collection": "Peabody Museum[;]E2231[;]Harvard University[;]Cambridge. Mass.[;]Bequest of Prof. Hy. W. Haynes. 1912.", "objectType": "Arrowhead.", "composition": "", "description": "Edges damaged. one flange bent over.", "rightCorner": "", "associations": "", "publications": "", "optionsAccuracy": "10000", "Find spot marker": "Find spot marker", "dateDiscoveryDay": "None", "dateDiscoveryYear": "None", "dateDiscoveryMonth": "None"}}, {"id": 13355, "created": "2014-08-21T20:14:38.302837", "project_id": 42, "task_id": 11031, "user_id": 243, "user_ip": null, "finish_time": "2014-08-21T20:14:38.302858", "timeout": null, "calibration": null, "external_uid": null, "media_url": null, "info": {"edge": "blade 11", "site": "locality unknown", "other": "No accuracy on Geolocation reference.[;]3 cross section drawings of arrowhead on reverse.[;]Roughly diamond shaped on side profile. Tri-bladed, socket on bottom.", "width": "", "length": "28", "patina": "very heavy patina", "weight": "", "geojson": {"crs": {"type": "name", "properties": {"name": "urn:ogc:def:crs:OGC:1.3:CRS84"}}, "type": "Feature", "geometry": {"type": "Point", "coordinates": [-3.2765753, 54.70235450000004]}, "properties": {}}, "gridRef": "Secn.", "remarks": "", "surface": "", "toSearch": "", "thickness": "", "collection": "Peabody Museum[;]E2352[;]Harvard University[;]Cambridge. Mass[;]Bequest of Prof. Hy. W. Haynes. 1912.", "objectType": "Arrow head.", "composition": "", "description": "", "rightCorner": "", "associations": "", "publications": "", "optionsAccuracy": "10000", "Find spot marker": "Find spot marker", "dateDiscoveryDay": "None", "dateDiscoveryYear": "None", "dateDiscoveryMonth": "None"}}, {"id": 13356, "created": "2014-08-21T20:14:58.834388", "project_id": 42, "task_id": 11029, "user_id": 528, "user_ip": null, "finish_time": "2014-08-21T20:14:58.834409", "timeout": null, "calibration": null, "external_uid": null, "media_url": null, "info": {"edge": "", "site": "locality unknown", "other": "", "width": "A: blade 10 socket 6 ; B: blade 11 socket 6 ; C: blade 10 socket 6 ; D: blade 12 socket 9", "length": "A: 28 ; B: 29 ; C: 36 ; D: 38", "patina": "", "weight": "A: 3.7 ; B: 4.5 ; C: 2.26 ; D: 5.1", "geojson": {"crs": {"type": "name", "properties": {"name": "urn:ogc:def:crs:OGC:1.3:CRS84"}}, "type": "Feature", "geometry": {"type": "Point", "coordinates": [-3.2765753, 54.70235450000002]}, "properties": {}}, "gridRef": "", "remarks": "Objects not Georeferenced as find location(s) unknown", "surface": "", "toSearch": "", "thickness": "", "collection": "Museum Observatory, Dumfries", "objectType": "Arrowheads", "composition": "", "description": "A: Flanged, broken tip : B: light green patina ; C: good condition, sharp edges and point ; D: broken and cracked, corroded", "rightCorner": "not stated", "associations": "", "publications": "Reports on Local Museums in Scotland, Anderson and Black, 1887, pp. 415-6", "optionsAccuracy": "100", "Find spot marker": "Find spot marker", "dateDiscoveryDay": "None", "dateDiscoveryYear": "None", "dateDiscoveryMonth": "None"}}, {"id": 13357, "created": "2014-08-21T20:16:09.101156", "project_id": 42, "task_id": 11032, "user_id": 243, "user_ip": null, "finish_time": "2014-08-21T20:16:09.101177", "timeout": null, "calibration": null, "external_uid": null, "media_url": null, "info": {"edge": "blade 17", "site": "locality unknown", "other": "2 cross section drawings of arrowhead on reverse.[;]Top profile is diamond shaped. Side profile is roughly triangular.[;]Arrowhead is tanged, tang appears slightly offset from centre.", "width": "", "length": "47", "patina": "medium patina", "weight": "", "geojson": {"crs": {"type": "name", "properties": {"name": "urn:ogc:def:crs:OGC:1.3:CRS84"}}, "type": "Feature", "geometry": {"type": "Point", "coordinates": [-3.2765753, 54.70235450000004]}, "properties": {}}, "gridRef": "? original & Secn", "remarks": "", "surface": "", "toSearch": "", "thickness": "4.5 blade", "collection": "Peabody Museum[;]E2352[;]Harvard University[;]Cambridge. Mass[;]Bequest of Prof. Hy. W. Haynes. 1912.", "objectType": "Arrow head.", "composition": "", "description": "", "rightCorner": "", "associations": "", "publications": "", "optionsAccuracy": "10000", "Find spot marker": "Find spot marker", "dateDiscoveryDay": "None", "dateDiscoveryYear": "None", "dateDiscoveryMonth": "None"}}, {"id": 13358, "created": "2014-08-21T20:17:33.536092", "project_id": 42, "task_id": 11033, "user_id": 243, "user_ip": null, "finish_time": "2014-08-21T20:17:33.536112", "timeout": null, "calibration": null, "external_uid": null, "media_url": null, "info": {"edge": "blade 12", "site": "locality unknown.", "other": "No accuracy on geolocation reference.[;]3 cross section drawings of arrowhead on reverse.[;]Tri-bladed. Side profile roughly diamond shaped, socket on bottom half of blade.", "width": "", "length": "32", "patina": "medium patina", "weight": "", "geojson": {"crs": {"type": "name", "properties": {"name": "urn:ogc:def:crs:OGC:1.3:CRS84"}}, "type": "Feature", "geometry": {"type": "Point", "coordinates": [-3.2765753, 54.70235450000004]}, "properties": {}}, "gridRef": "", "remarks": "", "surface": "", "toSearch": "", "thickness": "", "collection": "Peabody Museum[;]E2233[;]Harvard University[;]Cambridge. Mass[;]Bequest of Prof. Hy. W. Haynes. 1912.", "objectType": "Arrow head.", "composition": "", "description": "", "rightCorner": "Secn.", "associations": "", "publications": "", "optionsAccuracy": "10000", "Find spot marker": "Find spot marker", "dateDiscoveryDay": "None", "dateDiscoveryYear": "None", "dateDiscoveryMonth": "None"}}, {"id": 13359, "created": "2014-08-21T20:19:40.844112", "project_id": 42, "task_id": 11034, "user_id": 243, "user_ip": null, "finish_time": "2014-08-21T20:19:40.844132", "timeout": null, "calibration": null, "external_uid": null, "media_url": null, "info": {"edge": "Blade 16", "site": "unknown", "other": "No accuracy in geolocation reference.[;]1 side profile picture of arrowhead on reverse.", "width": "", "length": "79[;]Length of Tang 35", "patina": "", "weight": "8", "geojson": {"crs": {"type": "name", "properties": {"name": "urn:ogc:def:crs:OGC:1.3:CRS84"}}, "type": "Feature", "geometry": {"type": "Point", "coordinates": [-3.2765753, 54.70235450000004]}, "properties": {}}, "gridRef": "", "remarks": "Purchased by Mr Pritchard.", "surface": "", "toSearch": "", "thickness": "", "collection": "PRIVATE (1999), Pritchard, Mr D[;]20 Rushton Crescent, Bournmouth[;]BH3 7AF", "objectType": "ARROWHEAD", "composition": "", "description": "Arrowhead, tanged with square section tang terminating in flattened end.[;]CONDITION: complete", "rightCorner": "", "associations": "?", "publications": "", "optionsAccuracy": "10000", "Find spot marker": "Find spot marker", "dateDiscoveryDay": "None", "dateDiscoveryYear": "None", "dateDiscoveryMonth": "None"}}, {"id": 13360, "created": "2014-08-21T20:25:14.111164", "project_id": 42, "task_id": 11035, "user_id": 243, "user_ip": null, "finish_time": "2014-08-21T20:25:14.111184", "timeout": null, "calibration": null, "external_uid": null, "media_url": null, "info": {"edge": "", "site": "locality unknown.", "other": "No accuracy on geolocation reference.[;]Cross section drawings of 2 arrowheads on reverse.[;]A. 3 cross section drawings (other two probably apply to both objects) with text, \"11.5 thick\" pointing to blade just above tang. Tang quite long. Arrowhead is barbed, barbs fairly long. Roughly triangular side profile. Top profile is diamond shaped.[;]B. 1 side profile drawing with text \"9.75 thick\" pointing to blade just above tang, and also \"tang bent\" pointing to tang. Tang quite long. Arrowhead is barbed. Roughly triangular side profile, with blade rounding toward tip but still ending in point.", "width": "A 18[;]B 17.25", "length": "A 94[;]B 99", "patina": "", "weight": "", "geojson": {"crs": {"type": "name", "properties": {"name": "urn:ogc:def:crs:OGC:1.3:CRS84"}}, "type": "Feature", "geometry": {"type": "Point", "coordinates": [-3.2765753, 54.70235450000004]}, "properties": {}}, "gridRef": "", "remarks": "There is another card for this lot. (1 item is Roman. & another made of iron) not drawn", "surface": "A. Cleaned. dark golden bronze Some reddish brown patina[;]B. Smooth. thin reddish brown patina. & dark bronze tang", "toSearch": "", "thickness": "A 9., 3, 11.5[;]B 9.75", "collection": "Sold at Sotheby's[;]22nd July 1926. Lot 200.[;]owner unknown", "objectType": "Arrowheads.", "composition": "", "description": "", "rightCorner": "", "associations": "", "publications": "", "optionsAccuracy": "10000", "Find spot marker": "Find spot marker", "dateDiscoveryDay": "None", "dateDiscoveryYear": "None", "dateDiscoveryMonth": "None"}}, {"id": 13362, "created": "2014-08-21T20:26:32.032237", "project_id": 42, "task_id": 11030, "user_id": 482, "user_ip": null, "finish_time": "2014-08-21T20:26:32.032257", "timeout": null, "calibration": null, "external_uid": null, "media_url": null, "info": {"edge": "", "site": "locality unknown", "other": "", "width": "10.5", "length": "35", "patina": "in places", "weight": "", "geojson": {"crs": {"type": "name", "properties": {"name": "urn:ogc:def:crs:OGC:1.3:CRS84"}}, "type": "Feature", "geometry": {"type": "Point", "coordinates": [-3.2765753, 54.70235450000002]}, "properties": {}}, "gridRef": "", "remarks": "", "surface": "Rough", "toSearch": "", "thickness": "", "collection": "Peabody Museum  E 2231\r\nHarvard University\r\nCambridge, Mass.\r\nBequest of Prof. Hy, W Haynes 1912", "objectType": "Arrow Head", "composition": "Edges damaged. One flange bent over", "description": "", "rightCorner": "", "associations": "", "publications": "", "optionsAccuracy": "100", "Find spot marker": "Find spot marker", "dateDiscoveryDay": "None", "dateDiscoveryYear": "None", "dateDiscoveryMonth": "None"}}, {"id": 13363, "created": "2014-08-21T20:26:50.009245", "project_id": 42, "task_id": 11036, "user_id": 243, "user_ip": null, "finish_time": "2014-08-21T20:26:50.009267", "timeout": null, "calibration": null, "external_uid": null, "media_url": null, "info": {"edge": "", "site": "england[;]lancastershire[;]nateby[;]found in a field", "other": "No drawing on reverse.", "width": "", "length": "", "patina": "", "weight": "", "geojson": {"crs": {"type": "name", "properties": {"name": "urn:ogc:def:crs:OGC:1.3:CRS84"}}, "type": "Feature", "geometry": {"type": "Point", "coordinates": [-2.3471451476074225, 54.45716346065859]}, "properties": {}}, "gridRef": "", "remarks": "", "surface": "", "toSearch": "nateby", "thickness": "", "collection": "?", "objectType": "ARROWHEAD", "composition": "reported to be copper", "description": "Barbed and tanged Arrowhead", "rightCorner": "", "associations": "?", "publications": "info from Dr A.S. White[;]Lancaster Museum Senate", "optionsAccuracy": "1000", "Find spot marker": "Find spot marker", "dateDiscoveryDay": "None", "dateDiscoveryYear": "None", "dateDiscoveryMonth": "None"}}, {"id": 13366, "created": "2014-08-21T20:32:50.719153", "project_id": 42, "task_id": 11037, "user_id": 243, "user_ip": null, "finish_time": "2014-08-21T20:32:50.719174", "timeout": null, "calibration": null, "external_uid": null, "media_url": null, "info": {"edge": "blade (at section) 16.5", "site": "wales.[;]glamorgan[;]penard[;]langrove", "other": "Limited confidence in geolocation accuracy.[;]Penard is written over \"Langrove Goven\"? on Site.[;]2 cross section drawings of arrowhead on reverse.[;]2 bladed with midrib?[;]Tanged[;]Barbed, but one barb has been completely broken away and lost.[;]Side profile is fairly triangular with intact tip.", "width": "", "length": "54", "patina": "dark green", "weight": "14.17", "geojson": {"crs": {"type": "name", "properties": {"name": "urn:ogc:def:crs:OGC:1.3:CRS84"}}, "type": "Feature", "geometry": {"type": "Point", "coordinates": [-3.1733022999999996, 51.43596800000002]}, "properties": {}}, "gridRef": "", "remarks": "", "surface": "Smooth with slt. encrustment of emerald green at the point. ", "toSearch": "penarth", "thickness": "8[;]10.5", "collection": "National Museum of Wales. 15. 277/3[;]donor Miss. Emily Talbot", "objectType": "Arrowhead.", "composition": "", "description": "", "rightCorner": "{Red Dot}", "associations": "One of a hoard", "publications": "Pw, No. 535", "optionsAccuracy": "10000", "Find spot marker": "Find spot marker", "dateDiscoveryDay": "None", "dateDiscoveryYear": "None", "dateDiscoveryMonth": "None"}}, {"id": 13368, "created": "2014-08-21T20:35:03.343163", "project_id": 42, "task_id": 11038, "user_id": 243, "user_ip": null, "finish_time": "2014-08-21T20:35:03.343184", "timeout": null, "calibration": null, "external_uid": null, "media_url": null, "info": {"edge": "blade (at section) 16.5", "site": "wales.[;]glamorgan[;]penard[;]langrove", "other": "Limited confidence in geolocation accuracy.[;]Card is exact duplicate of - https://www.flickr.com/photos/MicroPasts/14739519088/sizes/k/", "width": "", "length": "54", "patina": "dark green", "weight": "14.17", "geojson": {"crs": {"type": "name", "properties": {"name": "urn:ogc:def:crs:OGC:1.3:CRS84"}}, "type": "Feature", "geometry": {"type": "Point", "coordinates": [-3.1733022999999996, 51.43596800000002]}, "properties": {}}, "gridRef": "", "remarks": "", "surface": "smooth with slt. encrustment of emerald green at the point.", "toSearch": "penarth", "thickness": "8[;]10.5", "collection": "National Museum of Wales. 15. 277/3[;]donor Miss Emily Talbot", "objectType": "Arrowhead.", "composition": "", "description": "", "rightCorner": "{Red Dot}", "associations": "One of a hoard", "publications": "Pw, No. 535", "optionsAccuracy": "10000", "Find spot marker": "Find spot marker", "dateDiscoveryDay": "None", "dateDiscoveryYear": "None", "dateDiscoveryMonth": "None"}}, {"id": 13370, "created": "2014-08-21T20:36:19.323248", "project_id": 42, "task_id": 11039, "user_id": 243, "user_ip": null, "finish_time": "2014-08-21T20:36:19.323268", "timeout": null, "calibration": null, "external_uid": null, "media_url": null, "info": {"edge": "", "site": "england[;]lancastershire[;]nateby", "other": "No drawing on reverse.[;]Card is an exact duplicate of another in this set.", "width": "", "length": "", "patina": "", "weight": "", "geojson": {"crs": {"type": "name", "properties": {"name": "urn:ogc:def:crs:OGC:1.3:CRS84"}}, "type": "Feature", "geometry": {"type": "Point", "coordinates": [-2.3472738936401365, 54.45696388272155]}, "properties": {}}, "gridRef": "", "remarks": "", "surface": "", "toSearch": "nateby", "thickness": "", "collection": "?", "objectType": "ARROWHEAD", "composition": "reported to be of copper", "description": "Barbed and tanged Arrowhead", "rightCorner": "", "associations": "", "publications": "info from Dr A S White[;]Lancaster Museum Senate", "optionsAccuracy": "1000", "Find spot marker": "Find spot marker", "dateDiscoveryDay": "None", "dateDiscoveryYear": "None", "dateDiscoveryMonth": "None"}}, {"id": 13375, "created": "2014-08-21T21:24:57.287734", "project_id": 42, "task_id": 11037, "user_id": 1, "user_ip": null, "finish_time": "2014-08-21T21:24:57.287756", "timeout": null, "calibration": null, "external_uid": null, "media_url": null, "info": {"edge": "", "site": "wales[;] glamorgan[;] penard[;] langrove", "other": "", "width": "Blade (at section) 16.5", "length": "54", "patina": "Dark green", "weight": "14.17", "geojson": {"crs": {"type": "name", "properties": {"name": "urn:ogc:def:crs:OGC:1.3:CRS84"}}, "type": "Feature", "geometry": {"type": "Point", "coordinates": [-3.9507090999999996, 51.61450799999999]}, "properties": {}}, "gridRef": "", "remarks": "", "surface": "Smooth with slight encrustment of emerald green at the point.", "toSearch": "glamorgan, wales", "thickness": "8[;] 10.5", "collection": "National Museum of Wales 15.277/3 Donor Miss Emily Talbot", "objectType": "Arrowhead", "composition": "", "description": "", "rightCorner": "Red Dot", "associations": "One of a hoard", "publications": "PW Number 535", "optionsAccuracy": "10000", "Find spot marker": "Find spot marker", "dateDiscoveryDay": "None", "dateDiscoveryYear": "None", "dateDiscoveryMonth": "None"}}, {"id": 13376, "created": "2014-08-21T21:34:16.386998", "project_id": 42, "task_id": 11037, "user_id": 482, "user_ip": null, "finish_time": "2014-08-21T21:34:16.387020", "timeout": null, "calibration": null, "external_uid": null, "media_url": null, "info": {"edge": "", "site": "wales, glamorgan, penard, langrove", "other": "", "width": "16.5", "length": "54", "patina": "dark green", "weight": "14.17", "geojson": {"crs": {"type": "name", "properties": {"name": "urn:ogc:def:crs:OGC:1.3:CRS84"}}, "type": "Feature", "geometry": {"type": "Point", "coordinates": [-3.8781561450562, 51.61800124999997]}, "properties": {}}, "gridRef": "", "remarks": "", "surface": "Smooth with sl[igh]t encrustment  of emerald green at the point.", "toSearch": "gower glamorgan", "thickness": "8  10.5", "collection": "National Museum of Wales. 15. 277\r\ndonor Miss Emily Talbot", "objectType": "Arrowhead", "composition": "", "description": "", "rightCorner": "", "associations": "One of a hoard", "publications": "", "optionsAccuracy": "1000", "Find spot marker": "Find spot marker", "dateDiscoveryDay": "None", "dateDiscoveryYear": "None", "dateDiscoveryMonth": "None"}}, {"id": 13377, "created": "2014-08-21T21:40:41.013667", "project_id": 42, "task_id": 11039, "user_id": 1, "user_ip": null, "finish_time": "2014-08-21T21:40:41.013687", "timeout": null, "calibration": null, "external_uid": null, "media_url": null, "info": {"edge": "", "site": "england[;]lancashire[;]nateby", "other": "Discovery: Found in a field", "width": "", "length": "", "patina": "", "weight": "", "geojson": {"crs": {"type": "name", "properties": {"name": "urn:ogc:def:crs:OGC:1.3:CRS84"}}, "type": "Feature", "geometry": {"type": "Point", "coordinates": [-2.3486901, 54.4562903]}, "properties": {}}, "gridRef": "", "remarks": "", "surface": "", "toSearch": "nateby, england", "thickness": "", "collection": "?", "objectType": "Arrowhead", "composition": "", "description": "Barbed and tanged arrowhead", "rightCorner": "", "associations": "", "publications": "Info from Dr AJ White Lancaster Museums Service", "optionsAccuracy": "1000", "Find spot marker": "Find spot marker", "dateDiscoveryDay": "None", "dateDiscoveryYear": "None", "dateDiscoveryMonth": "None"}}, {"id": 13390, "created": "2014-08-22T02:39:25.746444", "project_id": 42, "task_id": 11038, "user_id": 181, "user_ip": null, "finish_time": "2014-08-22T02:39:25.746465", "timeout": null, "calibration": null, "external_uid": null, "media_url": null, "info": {"edge": "blade (at section) 16.5", "site": "wales.[;]glamorgan[;]penard[;]langrove", "other": "", "width": "", "length": "54", "patina": "dark green", "weight": "14.17", "geojson": {"crs": {"type": "name", "properties": {"name": "urn:ogc:def:crs:OGC:1.3:CRS84"}}, "type": "Feature", "geometry": {"type": "Point", "coordinates": [-4.073804518945316, 51.58436008835528]}, "properties": {}}, "gridRef": "", "remarks": "", "surface": "smooth with slt. encrustment of emerald green at the point.", "toSearch": "swansea", "thickness": "8[;]10.5", "collection": "National Museum of Wales. 15.277/3[;]donor Miss. Emily Talbot", "objectType": "Arrowhead.", "composition": "", "description": "", "rightCorner": "", "associations": "One of a hoard", "publications": "PW, No. 535", "optionsAccuracy": "10000", "Find spot marker": "Find spot marker", "dateDiscoveryDay": "None", "dateDiscoveryYear": "None", "dateDiscoveryMonth": "None"}}]